username,Youtube Url
tseries,UCq-Fj5jknLsUf-MWSy4_brA
checkgate,UCbCmjCuTUZos6Inko4u57UQ
PewDiePie,UC-lHJZR3Gqxm24_Vd_AJ5Yw
MrBeast6000,UCX6OQ3DkcsbYNE6H8uQQuVA
✿ Kids Diana Show,UCk8GzjMOrta8yxDcKfylJYw
Like Nastya,UCJplp5SjeGSdVdwsfb9Q7lQ
WWEFanNation,UCJ5v_MCY6GNUBTO8-D3XoAg
zeemusiccompany,UCFFbwnve3yF62-tVXkTyHqg
Vlad and Niki,UCvlE5gTbOvjiolFlEm-c_Ow
5-Minute Crafts,UC295-Dw_tDNtZXFeAPAW6Aw
GoldminesTelefilms,UCyoXW-Dse7fURq30EWl_CUA
kidrauhl,UCIwFjwMjI0y7PDBVEO9-bkQ
sabtv,UC6-F5tO8uklgE9Zy8IvbdFw
BANGTANTV,UCLkAepWjdylmXSltofFvsYQ
ibighit,UC3IZKseVpdzPSBaWxBxundA
CanalKondZilla,UCffDXn7ycAzwL2LDlbyWOTw
zeetv,UCppHT7SZKKvar4Oc9J4oljQ
filmigaane,UCP6uH_XlsxrXwZQ4DlqbqPg
SmartBooksMedia,UCcdwLMPsaU2ezNSJU1nFoBQ
corycotton,UCRijo3ddMTht_IHyNSNXpNQ
movieclips,UC3gNmTGu-TTbFPpfSs5kNkg
ChuChu TV Nursery Rhymes & Kids Songs,UCBnZ16ahKA2DZ_T5W0FPUXg
Marshmello,UCEdvpU2pFRCVqU6yIPyTpMQ
colorstv,UC55IWqFLDH1Xp7iu1_xknRA
BHOJPURIWAVE,UC22nIfOTM7KLIQuFGMKzQbg
EminemMusic,UCfM3zsQsOnfWNUppiycmBuw
aajtaktv,UCt4t-jeY85JegMlZ-E5UWtA
tipsmusic,UCJrDMFOdv1I2k8n9oK_V21w
sonymusicindiaSME,UC56gTxNs4f9xZ7Pa2i5xNzg
tseriesbhakti,UCaayLD9i5x4MmIoVZxXSv_g
ReinoMariaElenaWalsh,UCK1i2UviaXLUNrZlAFpw_jA
LooLooKids,UC4NALVCmcmL5ntpV0thoH6w
yrf,UCbTLwN10NoCU4WDzLf1JMOA
taylorswift,UCqECaJ8Gagnn7YCbPEzWH6g
JuegaGerman,UCYiGq8XF7YQD00x7wAd62Zg
Badabun,UCYWOjHweP2V-8kGKmmAmQJQ
infobellshindirhymes,UC1ciY6kR3yj3kaKZ6R7ewAg
felipeneto,UCV306eHqgo0LvBf3Mh36AHg
whinderssonnunes,UC3KQ5GWANYF8lChqjZpXsQw
BRIGHT SIDE,UC4rlAVgAK0SGk-yTfe48Qpw
vcsabiavideos,UCj0O6W8yDuLg3iraAXKgCrQ
sonymusicindiaVEVO,UC3MLnJtqc_phABBriLRhtgQ
DjWalkzz,UCJrOtniJ0-NWz37R30urifQ
Bad Bunny,UCmBA_wu8xGg1OfOkfW13Q0Q
Like Nastya Show,UCS94J1s6-qc8v7btCdS2pNg
A4,UC2tsySbe9TNrI-xh2lximHA
speedrecordss,UCOsyDsO5tIt-VZ1iwjdQmew
getmovies,UClZkHt2kNIgyrTTPnSQV3SA
ABSCBNOnline,UCstEtN0pgOmCf02EdXsGChw
LittleBabyBum,UCKAqou7V9FAWXpZd9xtOg3Q
LuisitoComunicaa,UCECJDeK0MNapZbpaOzxrUPA
ShemarooEnt,UCF1JIbMUs6uqoZEY1Haw0GQ
MashaMedvedTV,UCRv76wLBC73jiP7LX4C3l8Q
TheEllenShow,UCp0hYYBW6IMayGgR-WeoCvQ
Voot Kids,UCJg19noZp7-BYIGvypu_cow
venus,UCWi_65E_L8tQZ34C6wVAlpQ
luccasneto,UC_gV70G_Y51LTa3qhu8KiEA
gr6explode,UCNUQK9mQoqi4yNXw2_Rj6SA
XXXTENTACION,UCM9r1xn6s30OnlJWb-jc3Sw
Kimberly Loaiza,UCQZfFRohQ7UX-0CdXl-6pwQ
shakira,UCYLNGLIzMhRTi6ZOLjAPSmw
WorkpointOfficial,UC3ZkCd7XtUREnjjt3cyY_gg
Toys and Colors,UCgFXm4TI8htWmCyJ6cVPG_A
shfa,UCwHE1kM1CPJd_pI9FQ0-4dg
shfa2 - شفا,UCQ7x25F6YXY9DvGeHFxLhRQ
TEDxTalks,UCsT0YIqwnpJCM-mx7-gSA4Q
Jkk Entertainment,UC5tuYcCdiKuF5Y2ZonuarwA
SuperSimpleSongs,UCLsooMJoIpl_7ux2jvdPB-Q
Masha and The Bear,UCu59yAFE8fM0sVNTipR4edw
gmmonetv,UC8f7MkX4MFOOJ2SerXLInCA
Goldmines Gaane Sune Ansune,UCtW7qWjpCZ8zps-Cf2NF26w
JbalvinTube,UCt-k6JwNWHMXDBGm9IYHdsg
Like Nastya ESP,UCpEJRZdSpdVZ8vh63T9I2KQ
YouTube,UCBR8-60-B28hp2BmDPdntcQ
vegetta777,UCam8T03EOFBsNdR0thrFHdQ
markiplierGAME,UC7_YxT-KID8kRbqZo7MyscQ
Total Gaming,UC5c9VlYTSvBSCaoMu_GI6gQ
abpnewstv,UCRWFSbif-RFENbBrSiez1DA
Maria Clara & JP,UCKe6w0exI94U-RzqAyoY1VA
Ryan's World,UChGJGhZ9SOOHvBB0Y4DOO_w
UltraHindi,UCmL1WlDI8UkXDXCXcBQN9CA
Geet MP3,UClZF7OsrECe3t_ADrjZEh_Q
NoCopyrightSounds,UC_aEa8K-EOJ3D6gOs7HcyNg
Mikecrack,UCqJ5zFEED1hWs0KNQCQuYdQ
sonypalindia,UCw7xjxzbMwgBSmbeYwqYRMg
SSSniperWolf,UCpB959t8iPrxQWj7G6n0ctQ
tseriesapnapunjab,UCcvNYxWXR_5TjVK7cSCdW-g
KHANDESHI MOVIES,UCP84QWij0alw4MvzqzyfOnw
IndiaTV,UCttspZesZIDEwwpVIgoZtWQ
GENIAL,UCbrd1vu4_7qIE6IPV_dA-OA
cancionesdelagranja,UCwpcLKMwiuPg4aqImpGk6Ew
ARY Digital HD,UC4JCksJF76g_MdzPVBJoC3Q
harpalgeo,UCe9JSDmyqNgA_l2BzGHq1Ug
erosentertainment,UCX52tYZiEh_mHoFja3Veciw
Luis Fonsi,UCxoq-PAQeAdk_zyg8YS0JqA
SMTOWN,UCEf_Bc-KVd7onSeifS3py9g
juptube,UCBAb_DK4GYZqZR9MFA7y2Xg
MrBean,UCkAGrHCLFmlK3H2kd6isipg
AllTrapNation,UCa10nxShhzNrCE1o2ZOPztg
Ricis Official,UC4tS4Q_Cno5JVcIUXxQOOpA
tseriesoldisgold,UCRm96I5kmb_iGFofE5N691w
rajshri,UCEKWXRsfUHkan-D_ljU8Asw
AH,UCaKLg1ELiX0zTJ6Je3c5esA
latenight,UC8-Th83bH_thdKZDJCrn88g
DisneyMusicVEVO,UCgwv23FVv3lqh567yagXfNg
SpinninRec,UCpDJl2EmP7Oh90Vylx0dZtA
rezendeevil,UCbTVTephX30ZhQF5zwFppBg
qzMendShawqz,UCAvCL8hyXjSUHKEGuUPr1BA
SongsOfIndianCinema,UC_A7K2dXFsTMAciGmnNxy-Q
BabyBus - Kids Songs and Cartoons,UCpYye8D5fFMUPf9nSfgd4bA
xoxxxoooxo,UC0WP5P-ufpRfjbNrmOWwLBQ
jacksepticeye,UCYzPXprvl5Y-Sf0g4vX-m6g
UltraRecords,UC4rasfm9J-X4jNl9SvXp8xA
ImagineDragons,UCT9zcQNlyht7fRlcjmflRSA
Jingle Toons,UCK9F8nycURBsR0YlrBsu1Ag
WWRBhojpuri,UCbomPUMyPHCgrqD5iYnzj1A
toyoraljanahtv,UCozAuGJZ5MPoijz8IE_1Gtw
theofficialpeppa,UCAOtE1V7Ots4DjM8JLlrYgg
TheLateLateShow,UCJ0uqCI0Vqr2Rrt1HseGirg
TalkingTomCat,UCm3hAp1m1xlAz0ve_EKAo4g
MrBeast Gaming,UCIPPMRA040LQr5QPyJEbmXA
Wow Kidz,UCN8S4CqMRy6tVKVXvs7Bzeg
Techno Gamerz,UCX8pnu3DYUnx8qy8V_c6oHg
PowerKids,UCj-SWZSE0AmotGSQ3apROHw
Little Angel: Nursery Rhymes & Kids Songs,UCNzsYU0aWwjERj-9Y9HUEng
GMANETWORK,UCKL5hAuzgFQsyrsQKgU0Qng
Karolgmusic,UCZuPJZ2kGFdlbQu1qotZaHw
TheDonato,UCaHEdZtk6k7SVP-umnzifmQ
infobellstamil,UCHcn4Ux-sO9nzNu7rDsoQLg
DrakeOfficial,UCByOQJjav0CUDwxCk-jVNRQ
toypudding,UCKqx9r4mrFglauNBJc1L_eg
zeenews,UCIvaYmXn910QMdemBG3v1pQ
MR. INDIAN HACKER,UCSiDGb0MnHFGjs4E2WKvShw
taylorgangent,UCVp3nfGRxmMadNDuVbJSk8A
Bounce Patrol - Kids Songs,UC56cowXhoqRWHeqfSJkIQaA
enchufetv,UCoGDh1Xa3kUCpok24JN5DKA
infobellstelugu,UCHvoq_rGmOKJKGId1nD1V4Q
TheDiamondMinecart,UCS5Oz6CHmeoF7vSad0qqXfw
Genevieve's Playhouse - Learning Videos for Kids,UCK5Q72Uyo73uRPk8PmM2A3w
AboFlah,UCqq5n-Oe-r1EEHI3yvhVJcA
WorldStarHipHopTV,UC-yXuc1__OzjwpsJPlxYUCQ
adityamusic,UCNApqoVYJbYSrni4YsbXzyQ
Vlad và Nikita,UCcOMTVILq-yIqtFmOqt-QOg
Diana and Roma ESP,UCqNmJfc7RgMU6hTxOOuCYHQ
VanossGaming,UCKqH_9mk1waLgBiL2vT5b9g
toycantando,UC2xjgvWb9cx5F637XjsUNxw
व्लाद और निकिता,UCUMxxg0KvWiSWHUXRPpnKzw
LosPolinesios,UCs8qka8tfhdc69wzXYdtZ3A
1MILLION Dance Studio,UCw8ZhLPdQ0u_Y-TLKd61hGA
xSkyHeLLxx,UChMJkHCD2wdvSO7CMOuLR-w
TwiNboTzVids,UCwD4x63A9KC7Si2RuSfg-SA
smosh,UCY30JRSgfhYXA6i6xX1erWg
jypentertainment,UCaO6TYtlC8U5ttz62hTrZgg
nickelodeonjuniorfr,UCUe6ZpY6TJ0no8jI4l2iLxw
beyonce,UCuHzBCaKmtaLcRAOoazhCPA
Jess No Limit,UCvh1at6xpV1ytYOAzxmqUsA
WatchMojo,UCaWd5_7JhbQBe4dknZhsHJg
Las Ratitas,UCUY6t_N9MyEWu6I0ZXkbtKA
Super JoJo - Nursery Rhymes & Kids Songs,UCHN9P-CQVBQ1ba8o1NQJVCA
davidguettavevo,UC1l7wYrva1qCH-wgqcHaaRg
LOENENT,UCweOkPb1wVVH0Q0Tlj4a5Pw
NewOnNetflix,UCWOA1ZGywLbqmigxE4Qlvuw
postmalone,UCeLHszkByNZtPKcaVXOCOQQ
James Charles,UCucot-Zp428OwkyRm2I7v2Q
Chloe Ting,UCCgLoMYIyP0U56dEhEL1wXQ
NinjasHyper,UCAW-NpUFkMyCNrvRSSGIvDQ
Masha y el Oso,UCuSo4gcgxJRf4Bzu43wwVyg
Rans Entertainment,UCvA9_f5Lwk-poMynabtrZPg
adityacinema,UCX_uPA_dGf7wXjuMEaSKLJA
Goldmines Dishoom,UCu7Hg0f3rxqZ6qs-188ZbjQ
Raffy Tulfo in Action,UCxhygwqQ1ZMoBGQM2yEcNug
Logan Paul,UCG8rbF3g2AMX70yOd8vqIZg
Sandeep Maheshwari,UCBqFKDipsnzvJdt6UT0lMIg
ChrisBrownTV,UCcYrdFJF7hmPXRNaWdrko4w
ColdplayVEVO,UCDPM_n1atn2ijUwHd0NNRQw
Troom Troom,UCWwqHwqLSrdWMgp5DZG5Dzg
DjSnakeTV,UC_x8HoD18XJkILQBreVENUQ
Diana and Roma HIN,UC5ma-WCc8jNCV0WyRnfbHTg
NickyJamTV,UCpb_iJuhFe8V6rQdbNqfAlQ
TRANS7indonesia,UC24_Z2L-8Ki183AI9zJJzNQ
ABPLIVE,UCmphdqZNmqL72WJ2uyiNw5w
Mister Max,UC_8PAD0Qmi6_gpe77S1Atgg
SesameStreet,UCoookXUzPciGrEZEXmh4Jjg
EnriqueIglesiasPlay,UC-6czyMkxDi8E8akPl0c7_w
JellyYT,UC0DZmkupLYwc0yDsfocLh0A
mildicasdemulher,UC0ebPa2q1rwZVN7dYemunUQ
netdmuzikk,UCR5wZcXtOUka8jTA57flzMg
DrossRotzank,UCNYW2vfGrUE6R5mIJYzkRyQ
shemaroomovies,UCBOmfqgTZi7yDp4-3Lr_3lA
THECHAINSMOKERS,UCq3Ci-h945sbEYXpVlw7rJg
onemeeeliondollars,UCY1kMZp36IQSyNx_9h4mpCg
Frost Diamond,UC4hGmH5sABOA70D4fGb8qNQ
Technical Guruji,UCOhHO2ICt0ti9KAh-QHvttQ
Goldmines Bollywood,UCOF23vGxkbhN4wl7ROrgXsA
gmmgrammyofficial,UCG9gfnA5UDoLvz-tC9B-HKw
Miss Katy,UCcartHVtvAUzfajflyeT_Gg
Smile Family,UCjZ-Ekz7JDN6GDXwusvSHvg
mmoshaya,UCPOw2O3_uZ1doro9iR4x6vw
Like Nastya AE,UC3I1iohrGzxep0p8r1Osw3w
WB Kids,UC9trsD1jCTXXtN3xIOIU8gg
The Lallantop,UCx8Z14PpntdaxCt2hakbQLQ
Crazy XYZ,UCebC4x5l2-PQxg46Ucv9CsA
VenusMovies,UCpcsv3Ow-8IhoUGDEfPetsQ
HumNetwork,UCEeEQxm6qc_qaTE7qTV5aLQ
WHBBP,UCopY0NAzASqmD6eVaRj2TFQ
Paulo Londra,UCzI7wZyqk7jpXWT_MILjepw
TEDtalksDirector,UCAuUUnT6oDeKwE6v1NGQxug
siavideos,UCN9HPn2fq-NL8M5_kp4RWZQ
AmericasGotTalent,UCT2X19JJaJGUN7mrYuImANQ
Diana and Roma ARA,UCtm3DGXkWqAUQZMHl97SVxA
oRugrat,UCilwZiBBfI9X6yiZRzWty8Q
PeppaLatinoAmericano,UCrreHSUa5rnuCVDeO8dX4eA
hamaarbhojiwood,UCYLlkv4hivYJlOk6Lo-RHNQ
goldmineshindi,UCs570zdFq_NNA5OcV8chnHw
PenIndiaPvtLimited,UC3ar28GS6o1p0m_wabfk2zw
Tasty,UCJFp8uSYCjXOMnkUyb3CQ3Q
BabyBus - Canciones Infantiles & Cuentos,UCy_rxpSt8DMagOUFA9Q-t1A
5-Minute Crafts DIY,UC2etEuPIfohP4P53wM0KImA
SSundee,UCke6I9N4KfC968-yRcd5YRg
FGTeeV,UCC-RHF_77zQdKcA75hr5oTQ
Baim Paula,UC5xAPCVizxOfnMECMXkal2Q
CanalCanalha,UCPHXtOVmjvbP9OJihsd7gCg
Juan De Dios Pantoja,UCzoUWqjCbcfWFdOMvoep8FA
Like Nastya PRT,UCtyr6UXUdZJJHuWGKzoiLfg
PrestonPlayz,UC70Dib4MvFfT1tU6MqeyHpQ
JakePaulProductions,UCcgVECVN4OKV6DH1jLkqmcA
CharliesVlogs,UCwppdrjsBPAZg5_cUwQjfMQ
Goldmines Cineplex,UCCrw5RBWF9i8VPt4IxL8IsQ
BuzzFeedVideo,UCpko_-a4wgz2u_DgDgd9fqA
DisneyChannelLA,UCq3zaHCaZtb3TtNwwz0PK2w
Kids TV - Nursery Rhymes And Baby Songs,UC7Pq3Ko42YpkCB_Q4E981jw
BeckyGOfficial,UCgtNC51EUSgcZ6kKyVoPxKA
TheEnaldinhO,UC2bYhAHyaqfWlPXWBVk4BcA
Brave Wilderness,UC6E2mP01ZLH_kbAyeazCNdg
NationalGeographic,UCpVm7bg6pXKo1Pr6k5kxG9A
TheFineBros,UC0v-tlzsn0QZwJnkiaUSJVQ
AuthenticGames,UCIPA6iWNaoetaa1T46RkzXw
LazarBeam,UCw1SQ6QRRtfAhrN_cjkrOgA
VEVO,UC2pmfLm7iq6Ov1UwYrWYkZA
MrBeast en Español,UCNAhW2oJvy_FUU082pEDspA
SlivkiChanel,UCU_yU4xGT9hrVFo6euH8LLw
5-Minute Crafts PLAY,UC57XAjJ04TY8gNxOWf-Sy0Q
starplus,UC-LPIU24bQXVljUXivKEeRQ
HaerteTest,UCqsS8fU6yVxrJr5y_CoUn3w
Brent Rivera,UC56D-IHcUvLVFTX_8NpQMXg
rossbollinger,UCUAL--p3qAa27luR0IYbjZA
Mnet,UCbD8EppRX3ZwJSou-TVo90A
RotanaAudio,UCNhqvQMXIgRfjAGmxQqdNRw
UltraMovieParlour,UCYauDsl-rswjQGpA0_-Z9Pw
GooodLifeFilms,UCtylTUUVIGY_i5afsQYeBZA
D Billions,UCi3onjs7UU2Z64i3RrVci-Q
Noor Stars,UChOPyo-uWLVi5uO53mSBX-w
toyorbabytv,UCHAbNxkU837UAkZ-OPtdUUw
TelenovelaTelevisa,UCKyU-wd-KY4PMOcOpPQgQcw
shfa show India,UCNvYCW3cMbkWy2g2v4Wb6xw
Vlad and Niki Arabic,UCP9MW9ATjUwwulqEYTbp-Mw
gottalentglobal,UCe_Fx4EZAgKjDz0aQ_Y7hSA
MrVivekBindra,UCR-foyF-C6VuAlwy3KZMkgA
romeo,UCyxbZF7_PK4nLiexj0kkCNg
MARVEL,UCvC4D8onUfXzvjTOM-dBfEA
gordonramsay,UCIEv3lZ_tNXHzL3ox-_uUGQ
Infinite,UC_hSjGOO67A6gIDUcyuv_8A
Troom Troom Es,UCu6oyJJ6PlkeNNv6n26ZNyA
Gusttavo Lima Oficial,UCXooz9whNJZBRTHi9AqdjPw
gmapublicaffairs,UCj5RwDivLksanrNvkW0FB4w
DLS News,UCw0ry7cLRUnq3Oaszlhgqfg
fatosdesconhecidos,UCbAiIkPobUFy71zlmwVw3jw
Crafty Panda,UC03RvJoIhm_fMwlUpm9ZvFw
RobinHoodGamer1,UCYtaoJSk9iIrFxx8eZB15ag
corbuzierprediction,UCYk4LJI0Pr6RBDWowMm-KUw
NBA,UCWJ2lWNubArHWmf3FIHbfcQ
LankyBox,UCSf0s2ogUVYpJPuzW1zpAOg
Kinder Spielzeug Kanal,UCVEDZVtA5NUtjxSXHjtvkag
★ Kids Roma Show,UCx790OVgpTC1UVBQIqu3gnQ
The ACE Family,UCWwWOFsW68TqXE-HZLC3WIA
OfficialClashOfClans,UCD1Em4q90ZUK2R5HKesszJg
JimmyKimmelLive,UCa6vGFO9ty8v5KZJXQxdhaw
Kurzgesagt,UCsXVk37bltHxD1rDPwtNM8Q
Eva Bravo Play,UCvYhgH0hXziSz9IyPztzUug
Lil Nas X,UC_uMv3bNXwapHl8Dzf2p01Q
BritainsGotTalent09,UCUtZaxDF3hD5VK4xRYFBePQ
TheWillyrex,UC4LHNX8d8RqnDX0OezgmCTg
TRT Originals Urdu,UCfiM9_Me5QJBEr0PItkbXgw
greengoldtv,UCiBigY9XM-HaOxUc269ympg
Netflix India,UCZSNzBgFub_WWil6TOTYwAg
icreateddisco,UCIjYyZxkFucP_W-tmXg_9Ow
Cardi B,UCxMAbVFmxKUVGAll0WVGpFw
Sun TV,UCBnxEdpoZwstJqC1yZpOjRA
sonotekvideo,UC3zVeAaoPEN1Tu25dW3G2Ig
PinkPanther,UCFeUyPY6W8qX8w2o6oSiRmw
Unbox Therapy,UCsTcErHg8oDvUnTzoqsYeNw
Ninja Kidz TV,UCpZ88DWlKW0H_AYDaUZptcw
HiMan,UCM44x9uWlx__9M9Y2IFhxzQ
CookieSwirlC,UCelMeixAOTs2OQAAi9wU8-g
turmadamonicaTV,UCV4XcEqBswMCryorV_gNENw
kbsworld,UC5BMQOsAB8hKUyHu9KI6yig
Beast Reacts,UCUaT_39o1x6qWjz7K2pWcgw
INCRÍVEL,UCIQPHl1WKKTt9KkWyo_JNig
MiawAug,UC3J4Q1grz46bdJ7NJLd4DGw
PDKFilms,UC-F6LZSWz34xKknY8NNCzgQ
Мирошка ТВ,UCUYA9nNP2Pgz5RF_oMvnqdQ
DanielSaboya,UCEUf_uUDUfJJ3XfgwOxm-0A
GEN HALILINTAR,UCfRNJiafEm1LBBGFTTq4cXw
TheOdd1sOut,UCo8bcnLyZH8tBIH9V1mLgqQ
BabyBus - Cerita & Lagu Anak-anak,UC5v3gjCQLFeg8eBXO7ShdpQ
ElTrollino,UCI2FmVp--YL8d7iVFt8mmxg
Lele Pons,UCi9cDo6239RAzPpBZO9y5SA
farrukotv,UCqFhfan_P2AmGVB1X2B-3Aw
Emiway Bantai,UCHmk8iNJHvf5mGN6_pkPc7g
therealdemilovato,UCZkURf9tDolFOeuw_4RD7XQ
invictorgs3,UChOQkbLHWi3zSCUjT7Kjd1g
The Royalty Family,UCja7QUMRG9AD8X2F_vXFb9A
Matroix,UCYVinkwSX7szARULgYpvhLw
rhettandlink2,UC4PooiX37Pld1T8J5SYT-SQ
Naisa Alifia Yuriza (N.A.Y),UCtjFp8VXWIscsqQ2wokpo3Q
Lil Pump,UC6pjHMC4QXMi4llCCjtDXWg
Like Nastya Vlog,UCCI5Xsd_gCbZb9eTeOf9FdQ
TheElenaYa,UCl_P0sCqxOdQpMwuajdXkRg
A_S Gaming,UCMrvxKTx9hLhZcOvJkYOnAw
dj47maryn,UCf31Gf5nCU8J6eUlr7QSU0w
Vania Mania Kids,UCLbyJSPEe2lx3jY-G0CFR3g
TheGrefg,UCCEmjNPpJYhGDgaEqeeA4HA
SCTVIndonesia,UC_vsErcsq56hOscPHkG-aVw
SockeyeMedia,UC6zPzUJo8hu-5TzUk8IEC2Q
FactTechz,UCGdPm5Aq081vVD7ih9jZf6Q
rsiammusic,UCLcCpNY-zaL3vEERD5rh5Ew
Heidi & Zidane बच्चों की कहानियाँ,UCC9Iz-AebxsyVF4iZagOtwA
Little Angel Español - Canciones Infantiles,UCTdRly9T3iyCJFjmRoCaepQ
ThePoznavatel,UCXTMoE1XgvxN4iCt5-gZzCw
Stubborn Facts,UCJZ5gFXzSZ9i-R1HEnS8U_A
portadosfundos,UCEWHPFNilsT0IfQfutVzsag
SebastianYatra,UCssFxr-IdIa-wpG3jUXYrmw
RobleisIUTU,UCG8eSYvOQUpb9HM8zU5d6xg
Vlad and Niki IDN,UCgG9IWOPcCIfQoI00xQBUbg
officialpsy,UCrDkAvwZum-UTjHmzDI2iIw
etvteluguindia,UCSs9H1cyB3OHdy8wkit8ZKg
Village Cooking Channel,UCk3JZr7eS3pg5AGEvBdEvFg
aMOODIEsqueezie,UCWeg2Pkate69NFdBeuRFTAw
Willyrex,UC8rNKrqBxJqL9izOOMxBJtw
TEDEducation,UCsooa4yRKGN_zEE8iknghZA
STARVIJAY,UCvrhwpnp2DHYQ1CbXby9ypQ
Masha e o Urso,UCJKBSfD5JSUxGhriFeoPCCg
Gaby and Alex,UCHwBjRoGO1V-H8QYXjSVHkQ
HowToBasic,UCR4s1DE9J4DHzZYXMltSMAg
grammygoldofficia,UCFWsjsN53Sqvg2pWhSFmWBQ
Kids Channel India - Hindi Rhymes and Baby Songs,UCR1hQY5sz5NEYofdv09XimA
SUPER SLICK SLIME SAM,UCfRgJADdLXwrcjIuTxn_u3Q
aynakoitsroi,UCMNmwqCtCSpftrbvR3KkHDA
musicalrmastv,UCVrstuGnHjpUXr9G98wwKow
Kiddiestv Hindi - Nursery Rhymes & Kids Songs,UCvEAgG7WzPZnZkf9iOV_YCg
ArabGamesNetwork,UCV2JkEBmtfSYGAIlprAhAyQ
JasonDerulo,UCe3yZzUwpmy2eKKmF9svX0Q
IGNentertainment,UCKy1dAqELo0zrOtPkf0eTMw
Rafa & Luiz,UC6paX0kLA8D81aYogceMufw
Tu COSMOPOLIS,UCo4ywJQXfUIB0lCBpczW3cA
Jane ASMR 제인,UC2fsxQr6Hcx1enORxXgKpxQ
हिंदी - Genevieve's Playhouse,UCJhSN5ic1QXn1doXzdiiCGQ
jquintanac5,UCq_oSgHK9lk6NUUgkhUOPnw
AnittaOficial,UCqjjyPUghDSSKFBABM_CXMw
Triggered Insaan,UCfLuT3JwLx8rvHjHfTymekw
TheBrianMaps,UCyJrhZm9KXrzRub3-wD2zWg
iberethenorio,UCKHhA5hN2UohhFDfNXB_cvQ
IDEAS EN 5 MINUTOS,UC_OLtzRJdg0MJfiqGWAAIHw
Junya Official Channel,UCjp_3PEaOau_nT_3vnqKIvg
monstafluffmusicTV,UCNqFDjYTexJDET3rPDrmJKg
zbingzbing,UC5zGJZpxeZPFcds5gFcDE7Q
DUDU e CAROL,UC371icpvZj2oQaocL0i9L-g
ppextras,UCY8LnVxm0Hf7DKPKuLPxb2g
SonyMusicSouthVEVO,UCTNtRdBAiZtHP9w7JinzfUg
Antrax,UCNbwP-bKUlKrE_5qDwvFILQ
tanboy kun,UC8rHUssNDJ9YEjfduAqJBmw
Prajapati News,UCl_Ksy6Yi1b4eEZ46FInb_w
Sandra Cires Art,UCYM02HkL0C3V1hAzw0HUXUw
queenofficial,UCiMhD4jzUqG-IgPzUmmytRQ
Dhar Mann,UC_hK9fOxyy_TM8FJGXIyG8Q
SOMOY TV,UCxHoBXkY88Tb8z1Ssj6CWsQ
Goldmines Great Indian Comedy,UC76Yc75RGWonijH02CIhPaw
lescopaque,UCR1c65UsjpaVgcLKa7eM1tg
MatthewPatrick13,UCo_IB5145EVNcf8hw1Kku7w
Camila Cabello,UCio_FVgKVgqcHrRiXDpnqbw
TRANSTVofficial,UCIohHXwCEKxWCLvAguJ-GjA
Sourav Joshi Vlogs,UCjvgGbPPn-FgYeguc5nxG4A
Blippi - Educational Videos for Kids,UC5PYHgAzJ1wLEidB58SK6Xw
DopeLyrics,UCvR2R7j218tzejtTsb_X6Rw
boyceavenue,UCgc00bfF_PvO_2AvqJZHXFg
failarmy,UCPDis9pjXuqyI7RYLJ-TTSA
Aayu and Pihu Show,UCFcBAGR0drI3F15EhMFjuTg
Apple,UCE_M8A5yxnLfW0KghEeajjw
marquesbrownlee,UCBJycsmduvYEL83R_U4JriQ
vice,UCn8zNIfYAQNdrFRrr8oibKw
El Reino a Jugar,UCsm77kEHBDEPgD4Ir3jSRYg
Kaykai Salaider,UCdLGCJcIGu5ExzYN6CXtkIw
Kids Play,UClyPv5RRfYdUFv2SsgV5uMw
Sony AATH,UCBz9qbqujcjIavFmBJW2oZw
rkddigital,UCjBwQ6M9QyCgO5Pp-TQRFUA
movieclipsTRAILERS,UCi8e0iOVk1fEOogdfu4YgfA
JenniferLopez,UCr8RjWUQ_9KYcIPmWiqBroQ
MegatoadStonie,UCd1fLoVFooPeWqCEYVUJZqg
Zappy Toons - Hindi Nursery Rhymes and Stories,UCcryiZdagSR9M-Oii_Y4OfQ
PitbullMusic,UCv8nzwVPQDRjkPCkEsOdEwA
Ivana Alawi,UCypeLkg3Ne5-LIyiB41b1GQ
indiancomedy,UC0PKLLmL8pIJLjOI1gBH_pA
AMARINTV : อมรินทร์ทีวี,UCzMoibQRslh_1bTuW0YXc6A
Jason Vlogs,UCjmAh2qxmvWdH3xNPbg0IUQ
Sidemen,UCDogdKl7t7NHzQ95aEwkdMw
Katie Angel,UCgSMDG8aGE3YHfBCXHuPpYA
Dyland PROS,UCXdmo_q4SawYMz-dmeKEHPQ
popchartbusters,UCzL6rJhkoXkIt0fCv9T9_uA
RomanAtwoodVlogs,UC-SV8-bUJfXjrRMnp7F8Wzw
AdMe,UCuVpbMt4yu4I9eAey3khnGg
Fede Vigevani,UCoQm-PeHC-cbJclKJYJ8LzA
KSIOlajidebtHD,UCGmnsW623G1r-Chmo5RB4Yw
OGatoGalactico,UCbt4SegZBQLeXMTMvnrfZtw
Sidhu Moose Wala,UC9ChdqQRCaZmTCwSJ49tcbw
portalfitdance,UCl_AQeO6ynSDRSjclc1e16Q
wifistudy,UCuWuAvEnKWez5BUr29VpwqA
Oyuncak Avı,UCjS0hMS5sneIgsb3PjBc0Bw
Dushyant kukreja,UCo6y9hnRawAqtyWhRhblXqg
RCTI - LAYAR DRAMA INDONESIA,UCzTsWuCdVP_vehWyGwPcS3Q
CamiloMusicaVideo,UCw0aKHSGFGyrnMeVnHeYMyw
News24page,UCuzS3rPQAYqHcLWqOFuY0pw
Kerajinan 5-Menit,UClIYfCAhMAlacxT0e_sl1uA
TheRichest,UCdxi8d8qRsRyUi2ERYjYb-w
LOKESH GAMER,UCdQPeeJ0qGK6wWBiEJWcdsQ
SAM SMITH,UCvpDeGlR5wLP9Z3Tb6K0Xfg
SriBalajiMovies,UCoy3dQzEdq1y2zMnT4pdj3Q
With Kids[위드키즈],UC6ye474SJCiPsEPueO_b3Gw
T3DDYgames,UC5mZsx_OVnc4XmG9rWU2p3A
حِرف إبداعية في 5 دقائق,UCy7QvWo7uV_AcoLJL5RIwkQ
Smile Family Spanish,UCau6-7svf1fw2QCUJDj68eQ
ntvru,UCsA_vkmuyIRlYYXeJueyIJQ
makeuplocalypse,UCSyoRFkB5xkaa3ScUcBaETw
ranziscool,UCdAt_KUKt0g9ZRQ7gwKaN3A
TalkingFriends,UCDCNmuaOXOo25Yn4mbMHhhQ
5-Minute Crafts FAMILY,UC63mNFJR8EAb8wAIJwoCmTA
popskids,UC5ezaYrzZpyItPSRG27MLpg
Makiman131,UCevY-z55kr37ZAXG15F-KiA
Like Nastya IDN,UCui_SuV6CzSgB1bdwL5utzg
kwebbelkop,UCfLuMSIDmeWRYpuCQL0OJ6A
bbtvch7,UCXUVnTEsLZBim_WlWxBvEwA
newvolgavideo,UCIeNlITYK46VkR7yIuTL8GQ
hejproducao,UCfLTxnQboSLcoSakgONmukQ
RiotGamesInc,UC2t5bjwHdUX4vM2g8TRDq5g
Super Senya,UCjx0-lAtcB7pTxT6MaGPs9g
LEGO,UCP-Ng5SXUEt0VE-TXqRdL6g
Dave and Ava - Nursery Rhymes and Baby Songs,UC6zhI71atP7YLoZyIyCIGNw
Lachlan,UCh7EqOZt7EvO2osuKbIlpGg
La Rosa de Guadalupe,UCGs30k8MveMERD3askAgNYA
Niana Guerrero,UCLysbxhOO_JPOPgcsPCMb8w
IDEIAS INCRÍVEIS,UCcQeJmGXpa_t03Zjrl8Aq4g
zncoficial,UCRRu9OXVYd5clj2Bs29gUVQ
laharimusic,UCnSqxrSfo1sK4WZ7nBpYW1Q
Like Nastya VNM,UClK8w-hLJlhR6fL5_xQg_VA
LinusTechTips,UCXuqSBlHAE6Xw-yeJA0Tunw
iTownGamePlay,UCKmlxQVs0vHtaLldRIQ8lsA
GMMTVSPOTLIKE,UC8BzJM6_VbZTdiNLD4R1jxQ
majorlazer,UCMJ5Qf3sOvQpcYiai1Noa3Q
mkmusicnews,UCbVwJCxsVbmaP1PFmbGQDeQ
LEGENDA FUNK,UCgO5cJ4sL1um054gGYusjiA
Planeta das Gêmeas,UCqqGXzmJn6biINRt5OILmRQ
Alejo Igoa,UCZs0WwC0Dn_noiQE2BHSTKg
XpressTV,UC0YFjwJc3b1otDerdv6CfWA
حقائق وأسرار,UCBzrJ1zGf9-0cd5-n7sBraQ
Daftar Populer,UCQW2tTNJ40V2T6MqV1eMZ0w
ndtvindia,UC9CYT9gSNLevX5ey2_6CK0Q
FueledByRamen,UClVrJwcIy7saPcGc1nct80A
Bizarrap,UCmS75G-98QihSusY7NfCZtw
Maha Fun Tv,UCJYi5GZRNoW1nJGU_Y1JbGA
MattyBRaps,UCmdY1pHB-KbFYxOyhwjVeQw
jemproducoes,UCL64gn1KZ1C-u87BGQv3b6w
Drawblogs,UCkuPobJMx7DPUdwlVo1TFfA
collegehumor,UCPDXXXJj9nax0fr0Wfc048g
Canal Nostalgia,UCH2VZQBLFTOp6I_qgnBJCuQ
MonsieurDream,UCyWqModMQlbIo8274Wh_ZsQ
chadwildclay,UCwaNuezahYT3BOjfXsne2mg
theslowmoguys,UCUK0HBIBWgM2c4vsPhkYY4w
Mobile Legends: Bang Bang Official,UCqmld-BIYME2i_ooRTo1EOg
Super Polina,UCE76CBkDX591pxzps6bySOw
bbchindi,UCN7B-QD0Qgn2boVH5Q0pOWg
Johny FamilyShow,UCq8KR1lnewd5ZPx9_XKoubg
Arif muhammad,UCfx3oPv3cJm2aCJ7UnhKx8A
thairathonline,UCrFDdD-EE05N7gjwZho2wqw
News18 India,UCPP3etACgdUWvizcES1dJ8Q
MartinGarrix,UC5H_KXkPbEsGs0tFt8R35mA
alanalan9635,UCbp9MyKCTEww4CxEzc_Tp0Q
BollywoodClassics,UCZ_OLiS7DkyCg89eV_qQMoQ
And TV,UCxJcrDUc8awRSLzLbnIiAmQ
TeamFilmsBhojpuri,UCB4SvelHl4qjFSNYfxhp-SQ
elcanaldePlimPlim,UCYQo8CdhXD22qfwUBUw591Q
MrBeast Shorts,UC4-79UOlP48-QNGgCko5p2g
Genierock,UCs2t9DlvAuyTBkvk2djGZKw
PlayStation,UC-2Y8dQb0S6DtpxNgAKoJKA
Gyan Gamingㅤ,UChXi_PlJkRMPYFQBOJ3MpxA
OfficialTrapCity,UC65afEgL62PGFWXY7n6CUbA
narendramodionline,UCvxi7_X1VSaMr_osIamYNaw
Technoblade,UCFAiFyGs6oDiF1Nf-rRJpZA
Zach King,UCq8DICunczvLuJJq414110A
MRamadanOfficial,UCJCj2HtcnbOyCj1rmKaxwJg
Dangal TV Channel,UCNzmmbXIbMzlqE8nD1PBXfg
TWICE,UCzgxx_DM2Dcb9Y1spb9mUJA
#Refugio Mental,UCgQRN9EO5ksPZjs7EasIftQ
inventonahoratv,UCR3vcUrhFUdzagng58ueI2w
camilaloures,UCvuJTWl_peL49CUfF2EAbyg
Wow Kidz Action,UCCyKsYaRi62axS-kasXW7wA
pognalishow,UCwipTluVS2mjuhPtx2WU7eQ
CH8vdo,UCtBu8Wb2BUoduUXJS9Uss7Q
CNN,UCupvZG-5ko_eiXAupbDfxWw
F2Freestylers,UCKvn9VBLAiLiYL4FFJHri6g
MasterskayaNastroeny,UCRW3VLiVep5Ud4Ovhj2eUyA
Zach Choi ASMR,UCI78AdiI6f7VKhqW1i4B3Rw
Anasala I أنس و أصالة ,UCqJNTGwKmgMCwfYDbnz514Q
TheABSCBNNews,UCE2606prvXQc_noEqKxVJXA
Daily Dose Of Internet,UCdC0An4ZPNr_YiFiYoVbwaw
Unspeakable,UCwIWAbIeu0xI0ReKWOcw3eg
zeefilmimusic,UCLWCv3y3FK1pqEbe_yzilsw
Doc Tops,UCAolsolgHiURrQBuZ4qe0lg
AM3NlC,UCrGnb5RdHA9M6WGmBGYo4ZQ
NikkieTutorials,UCzTKskwIc_-a0cGvCXA848Q
O Canal do Joãozinho - Little Angel Português,UCAdpXDXkrrYQXFtAbJixRUg
bomberball,UCjVb9mJZTeuPLN4hOjmvQnw
DM - Desi Melodies,UC783dnzJqf2ghHp_pFLYbGA
UFC,UCvgfXK4nTYKudb0rFR6noLA
A2 Motivation by {Arvind Arora},UC6ERimtc5zFrn7x6Bk3HaHA
mispastelitosyoutub,UCkjjH0hsvaeRIuwGlM9oSvg
Трум Трум,UCq1JpGFxcZTbbOAz010U-og
Fun For Kids TV - Hindi Rhymes,UCe3GjNY3Kqi8Xd6nT4JN_6w
YOLO AVENTURAS,UCOnIJiQuk1fDSp6p1GCZy3A
Kuplinov ► Play,UCdKuE7a2QZeHPhDntXVZ91w
ChallengeAcceptedInc,UCzYfz8uibvnB7Yc1LjePi4g
dangmattsmith,UCe56RtxwepRSyZ-b--SedOw
WWWengie,UCD9PZYV5heAevh9vrsYmt1g
EdisonPts,UCrpt82vHWIWZSHtNQxncPrg
vetealaversha,UCmyIMuo8zRYgLshDff0vLuw
Taarak Mehta Ka Ooltah Chashmah,UCnSFZ-olBoLGLRUS_3RI2Aw
MAIKI021,UCXhDFaOPG2zhiYm9eXuMKkA
Blippi Español,UC4YImPQT-_0kCh5joATwyhw
LIV Crime,UCzXpAx4v6rFLYXkJZ5nmSvQ
NOBRU,UCqWmLengIKFXRjuL1YyXNSg
RosannaPansino,UCjwmbv6NE4mOh8Z8VhPUx1Q
TazerCraft,UCjBO43ykxlSs3j7F7EXcBUQ
Auron,UCFR2oaNj02WnXkOgLH0iqOA
MNCTVOfficial,UC34xi8JB1AKSotPUKHywbaA
fcbarcelona,UC14UlmYlSNiQCBe9Eookf_A
The World Adventures हिन्दी,UCr8EWTz_8ljPyE27CiSbsGw
Hongyu ASMR 홍유,UCxtLc0Jqq3SKBWlIXM_OC9g
MazhavilManorama,UCUPD0jQo-EP0B1Nf4uzeIMA
crashcourse,UCX6b17PVsYBQ0ip5gyeme-Q
gmmchannel,UCTP5z0kFg6-nPcZ79gTC67Q
Dan Rhodes,UC6D1L2vxEAg_Vi0JSxMBDgA
infobells,UCU_AsfgtKjwR4qaSwgsWn-w
Kurt Hugo Schneider,UCplkk3J5wrEl0TNrthHjq4Q
Zig & Sharko,UCcKJJuOe2tOqgrKw0Gks-sw
SrtaLynaV,UC-cnbLlplnXA4oc7rR21qzg
boplayhard,UC4IMfO_--bwBaNgWeoLxAgg
AzzyLand,UCzeB_0FNcPIyUSjL_TL5lEw
Online Job,UCL3IoeeHKzWMxZxhmnmETjw
ZEE5,UCXOgAl4w-FQero1ERbGHpXQ
H2ODelirious,UCClNRixXlagwAd--5MwJKCw
GallinaPintadita,UCKdEsgHiM0SulsFXm7QMJAg
Aadishakti Films,UC1Ekm042kfOFJyKaTIYOVIA
Narins Beauty,UCWXYdNyGX01rnTB-tQci8JQ
FAPtivi,UC0jDoh3tVXCaqJ6oTve8ebA
Kim Loaiza,UCgmUtgxaeaT6CSHc70AQMEg
TV Ana Emilia,UCdPyv-GXDxlOeonqYKtKMSQ
telemundotv,UCajrNVKvG2xVlVcSr3GcsDA
ABCNews,UCBi2mrWuNuyYy4gbM6fU18Q
5-Minute Crafts Recycle,UCCLVg6BI7NxDIp6GFKfFGFw
AtlanticVideos,UCe4LM_eKc9ywRmVuBm5pjQg
MyMissAnand,UCpCWa9f5_J3PqY-_Lg-_QfQ
MY FAMILY,UC4B6dDVB0Umrh5l4UgxUtyg
iloveindianmakeup,UCuN4A3GCUq5-0wJDSiJoxRQ
Jake Fellman,UCEnqwW6f7bYidXHAI13hhMA
JD Pantoja,UCrEsfMzcv3zFZkaSj8jsB2g
Wish 107.5,UCdfq8-581QVUtVsa8ChVnDQ
Matheus Yurley,UC-4kjzuh4822B9yPSgpZQgA
theRadBrad,UCpqXJOEqGS-TCnazcHCo0rA
YOLO,UCQ8TuCvcDMepleXFyOQfyOQ
The LaBrant Fam,UC4-CH0epzZpD_ARhxCx6LaQ
Vlad and Niki ARA,UCoxoYSL3rFXB7JSELiI5V1w
The Q,UCZdGJgHbmqQcVZaJCkqDRwg
Busy Fun Ltd,UCkKDpnzIG29MA--Sh6oOtWg
Desi Gamers,UCuApqv2tNQ73S7gcfrfCSDw
123 GO! Spanish,UCYtt2TP3sqR9_qXnc1G4eRA
PrestonPlayz,UCJZam2u1G0syq3kyqrCXrNw
SRKASSAMESE,UCAH1Aw-mXgcB3t8uaqW4yTA
The Shiny Peanut,UCgiO267R4Qo-SJF2UzH5ccQ
djzoi0,UChPa3fnlI3RKuzEbeEPKRFw
ETV Jabardasth,UCnoqvTW4YZExfDeq7_Wmd-w
Zhong,UCyagEfIN1okQ-s996XAqCFQ
MattSDance,UCczFdwWpVEpoqb-eMm4c4dQ
PozzitifonShow,UCuZeiI5pdpgqDojXZujoYgg
DALLMYD,UCI4fHQkguBNW3SwTqmehzjw
MrSuicideSheep,UC5nc_ZtjKW1htCVZVRxlQAQ
JDCav24,UCe0TLA0EsQbE-MjuHXevj2A
NishaMadhulika,UCgoxyzvouZM-tCgsYzrYtyg
O Que Não Dizer Oficial,UC19aAr6UojQesIVCBsXJGIw
twentyonepilots,UCBQZwaNPFfJ1gZ1fLZpAEGw
typicalgamer,UC2wKfjlioOCLP4xQMOWNcgg
Alex Gonzaga Official,UC6N-9Wh0DYhDI8sQS7jwjVA
RedeTVhdBrasil,UCd7VVhgnd2eCv9JEghvR_1w
MstrJames,UCjgpFI5dU-D1-kh9H1muoxQ
Zeinab Harake,UC-j7tR3DhEt85EM9HbvxXqA
Daniel LaBelle,UCb8vrqP8Z7Oz9ZTYvUtjUHQ
OReinho,UCooY3HgjOMWoDpIHMDM4ghQ
#Refúgio Mental,UChYkldqKWymAKTsPku_tDfg
The MriDul,UC0zXnLIFedO97pFsyMxZcFg
zeetvtelugu,UC3PYGKK29qJ0zu-eEthHK4g
PowerfulJRE,UCzQUP1qoWDoEbmsQxvdjxgQ
1032010814,UC1zZE_kJ8rQHgLTVfobLi_g
Like Nastya Stories,UCcqANnGO-HUapcmL2zyEI0g
HusamYK,UChDk1SYEDyC4s74mKwfBUKQ
einerdtv,UCt_4wzTQqmcUvemNkeO0plA
bbcnews,UC16niRr50-MSBwiO3YDb3RA
MusicTalentNow,UCDnEa2HC2eeT-cN3pAKnNTw
أترو/Atro,UCjf3ZSi7xMu8O9frZZ8FEGg
BUDI01 GAMING,UC8qp0ZmavLOGeSdLxSUZO8w
ГЛЕНТ,UCBYvr4SqfGQd5fTmOXVQ4Zw
Health Time,UCPMqs8vxEwbie26nFA3ykAw
Vlad and Niki ESP,UCZLl7vfqlRjVL4YBHGmLVvQ
MrSirpirriplin,UCwohKbRK2QnojtLh3p7xwaA
Coke Studio,UCM1VesJtJ9vTXcMLLr_FfdQ
jazzghost1,UCIXguhHCl8eDTkXpEuiGPUA
htpunjabi,UCHcDpS0TXITVs0ZrBSIsEsA
Blossom,UC2WuPTt0k8yDJpfenggOAVQ
Lady Diana,UCCB4-saKfwGbUFO2-rRdUqQ
tseriesregional,UCy2fvV-mH_4AcIgqnLg9uDw
hamaarbhojpuri,UCpN-WGQgGsOrXm7nHXDdTDA
JesseAndMike,UCV1JuyDF9Re3HyXFGeqnC7Q
Crescendo com Luluca,UCnrGkE2AmBAv6Vxj6kjf1jg
Dear Sir,UC9dyrsYEmD4iGJ8Oz1G5dpw
canalparafernalha,UCddYq41_tZ1FnLlguLT6-Ow
BBC,UCCj956IF62FbT7Gouszaj9w
Infobells Bangla,UCAWuV9ZZ0itI3WR-JHWIUNQ
gymvirtual,UCfwP2H1CDJvssk6g2pm8EgA
Knowledge Tv हिन्दी,UC-iSP6GoVwofKXs6Ei0PdlA
Melon City Show - برنامج ولاية بطيخ,UCDwbDyYQGQuLcyr0_gv1IeQ
awakeningrecords,UCBq5hp6DvwWam2XOXw6lYJA
AdexeOficial,UCKR6KdJmTdhLVQJnoJu9tRQ
Piuzinho,UCIvBHgnnLSVr9enuPvBuwyw
MSA previously My Story Animated,UCYzEMRKqrh01-tauv7MYyVQ
GoldClassics,UCvUctuMp58UD_kQtcWcNCjw
React,UCHEf6T_gVq4tlW5i91ESiWg
zeebangla,UCeMsqI6jU9WE2ctsrbxbywQ
RayWilliamJohnson,UCGt7X90Au6BV8rf49BiM6Dg
rebeccazamolo1,UCfw8x3VR-ElcaWW2Tg_jgSA
Brawl Stars,UCooVYzDxdwTtGYAkcPmOgOw
Juliana Baltar,UCqDauP_ke8Lwt8Hg3Xv-8Iw
TalkingAngelaCat,UCPcynnZcILjm0e2aaaTuCjw
StudyIQ IAS,UCrC8mOqJQpoB7NuIMKIS6rQ
karameeshchannel,UCZ7V5FSAdPkRjPf64pPx9-Q
Kabita's Kitchen,UCChqsCRFePrP2X897iQkyAA
DisneyChannelUK,UCLeuoGy_hUDTBf5Hk0ynrpQ
Troom Troom PT,UCgCQlMYN2XypwYC2wcR32bA
disneyjunior,UCNcdbMyA59zE-Vk668bKWOg
Meghan Trainor,UCkXgEcpoTE4tHsebYBouWpA
DJ Khaled,UC0Kgvj5t_c9EMWpEDWJuR1Q
LOUD,UC7iwNp4GUynlGXvK-6KD0Rw
elliegoulding,UCt-am4x4ZyeohfgM85qFgdQ
Gibby :),UCY62oxtmOKk5-JLJOXBMWnA
LittleBabyBumEspanol,UCHicabXz9rUMWLcdMqBtbxQ
JustForLaughsTV,UCpsSadsgX_Qk9i6i_bJoUwQ
1veritasium,UCHnyfMqiRRG1u-2MsSQLbXA
Bela Bagunça,UChYWDADhmWJU6_X7Vm7FzDw
OficialPeppa,UCvD9GB-E4q_TuMpwUtFBhLA
JOJO TV - Hindi Stories,UCAXe-dTMWRcqDdt5pYLwHCA
My Mate Nate,UC7rtE7hSTaC8xDf5v_7O1qQ
Blockbuster Movies,UCW3VI9s3Dw8o1ekgjI3FCzw
KompasTVNews,UC5BMIWZe9isJXLZZWPWvBlg
thinkmusicindia,UCLbdVvreihwZRL6kwuEUYsA
Mythpat,UCx6F-rETGiz7xf_vkMmX2yQ
HZHtube Kids Fun,UCAgx4HcQIYn9lM0rhtIuH9w
Sony Music South,UCn4rEMqKtwBQ6-oEwbd4PcA
FIFATV,UCpcTrCXblq78GZrTUTLWeBw
whoisjimmy,UC5f5IV0Bf79YLp_p9nfInRA
ماشا و الدب,UCpm9UA5N0Y9Kv1FJNtnNlJA
Davie504,UCgFvT6pUq9HLOvKBYERzXSQ
TheDodoSite,UCINb0wqPz-A0dV9nARjJlOQ
NormanFaitDesVideos,UCww2zZWg4Cf5xcRKG-ThmXQ
TheDaniRep,UCHIwQiZhIn6fm5b_IilqBbQ
Troom Troom India,UCwP0n9or789Y33-JNNe-tlA
Come Play With Me,UCQ00zWTLrgRQJUb8MHQg21A
officialjassrecords,UC9Gjog4enoDWRWTaYuamx1g
Más SKabeche,UC0n5Ihqix8mEqGsjygiJk6Q
officialfuturevideos,UCSDvKdIQOwTfcyOimSi9oYA
Codiscos,UCMt4GuchIJh48XJFB3iyXQQ
ndtv,UCZFMm1mMw0F81Z37aaEzTUA
Planet Earth INDIA,UCMZ1mhXvZEhAEwVtAMmvioA
DeGoBooM,UCj9rK3jt8qmih4mZX0UL67g
Ice Cream Rolls,UCAon55hNT6ESbdQ5y1hRWTA
Lulu99,UCCyCcRlr_NRDP-JFAhBxq1g
KaKa Kids TV - Nursery Rhymes Kids Animated Songs,UCmS8VxPXxv4ToYpw0Yc2PQA
gmanews,UCqYw-CTd1dU2yGI71sEyqNw
YairAuriazul,UCXH1p4gixwXwrUGSx-WvLNQ
colinfurze,UCp68_FLety0O-n9QU6phsgw
TheInfographicsShow,UCfdNM3NAhaBOXCafH7krzrA
Trakin Tech,UCEPL07qzVsOcHd3sMUws65g
Troom Troom Indonesia,UCtGmhXT_NSTK5j_r9a9xdYA
Panda,UCj0sKQk9qjiIfNH22ZBWpxw
BanderitaX,UCxEGVXh6fi-XYo58NZrbIHQ
Americanvogue,UCRXiA3h1no_PFkb1JCP0yMA
jordanmatter,UCKaCalz5N5ienIbfPzEbYuA
TTfue,UC9lSZSYpDDE18hoFA7YlBpw
RaptorGamer,UCS4OZlj8753fezBtH62TRDg
CHHOTU KI MASTI,UCPNH75wRbz-cO-W8732981A
htbhakti,UC3oQ1986eLZ4MhyPBiu54PA
EU FICO LOKO,UCwQSkyrft0ohf-ra21yIs9Q
AvrilLavigne,UC_k8KFBzEf0uQ8LRFSAgSUA
NichLmao,UC6VAIqNQBc7ggiqvsOHOBqw
TastyCompot,UC0cWWruNMb95iCBEOzPnjRA
MBCMASR,UCnFKsbAof9fRv614I4wJX_w
geonews,UC_vt34wimdCzdkrzVejwX9g
TsMadaan,UCKjJXmZxk1SiTUQUB28KHpw
CNCO,UCqtHOqxV71OQ-fmLdI8rBYw
Kluna Tik,UCw5hxC9BldHV8cU8PgbNY9g
FrontaL Gaming,UCW6fcXU68QShoXPkxnPxATw
Yudist Ardhana,UCvc00uetYIML9D-7BBrEXLA
MORGENSHTERN,UCWnqnojAgMdN0fQpr_xByJw
TommyInnit,UC5p_l5ZeB_wGjO_yDXwiqvw
Nat and Essie,UCzIdYMdAtTsWucGCZyZvN6w
Dani Russo Tv,UCgdnrd2Ae_H07_N8j1l18Xw
DANIEL EL TRAVIESO VIDEOS,UCgSk89VX4QiKZsjS25FCBsQ
Gulshan Kalra,UC56dNUTok1pgvpY75CsJQ4Q
Technology Gyan,UC1tVU8H153ZFO9eRsxdJlhA
luansantanaoficial,UC6rwiIxv0w2fbmmr66wl1rA
Natti Natasha,UCu59H8LNti6mwvcGRMge5PA
Ajay Sharma,UCthYQycNvy1TfeTzzR4S2dA
eltreceok,UC0DM_mHV2u6dj8ig51GkQwg
Narendra Modi,UC1NF71EwP41VdjAU1iXdLkw
WiederDude,UCpDNnvxEf3iWuJbtmUk6DnA
Koo Koo TV - Hindi,UCZNr3-bxFbzfLzbiJ_rJ5zw
Garena Free Fire LATAM,UC1ZPgKGxaT5P7QKN_bk9xkw
MrTimbaVk,UCp7wTrsCU7eICb5z69D3rwA
emma chamberlain,UC78cxCAcp7JfQPgKxYdyGrg
SMOL,UCBBZ7No0AzEJ3qiatjSa-mg
elrubius,UCcjIvuxmWlS5IEQ0JdPV4Ng
lokdhuntv,UCjb5iAXrj1D6NjHJYvDGw7w
Halsey,UCOCgB3xd-B-1qAm-hR9OLrA
E-MasterSensei,UC3osN7-7XJq3NEoKZIUUx0w
Jamuna TV,UCN6sm8iHiPd0cnoUardDAnw
kidstvindia,UCZbTuDplLcBb4bTHa_-5_UA
123 GO!,UCBXNpF6k2n8dsI6nBH8q4sQ
SBTonline,UCR3TOnFWDeAlT-Ho6LueDmg
hoiitsroi,UCNdqe5zJ6k-i7XKoYWA4Z2g
Pragati Verma Shorts,UCZcR0eG70cbq044cb_OH3Qw
FirstWeFeast,UCPD_bxCRGpmmeQcbe2kpPaA
MTV2,UCrkzfc2yf-7q6pd7EtzgNaQ
FelipeViktor,UCHuZmQ0lSW8TG81dVZZh5rw
Tiana,UC6sSkkemzPjmrzS0Y0V_2zw
Hero Movies 2022,UCGzmSVjq_yQRgcgpA9SBTjw
Луномосик,UCdKEBeInDzinQ6MG2HkF7Gw
الجانب المُشرق | Bright Side Arabic,UCmYYUdR85LRVB5yT1Y7DjFA
ExpCaseros,UCoTyVfIkM-hjz4JauDoVvog
CrazyRussianHacker,UCe_vXdMrHHseZ_esYUskSBw
Akon,UC6IBMCQ6-d7p41KHxOsq4RA
VyQwaint,UCmRY4NSGK52lP_Lz11CjdYw
办公室小野 Ms Yeah,UCRB4xZ_2ew7fzmrcv8aj4Lw
storybots,UCAJnyTWJPpKXuwgWQDdNWrQ
BBCEarth,UCwmZiChSryoWQCZMIQezgTg
YoungBoy Never Broke Again,UClW4jraMKz6Qj69lJf-tODA
Ya - Alisa,UCVbPnm-qCjH-8Yl1-k4BQkA
GoldminesAction,UCY7tB-mpvlQeWgaCCS1Cmwg
blackeyedpeasvideo,UCBFaOy1_APEXEyA6Gws_Y1g
realannoyingorange,UCi-5OZ2tYuwMLIcEyOsbdRA
Star Casablanca | نجوم الدار البيضاء,UCuvAFpR5uxoXF8G4OgKY0lQ
MashaBearUkraine,UCHZcTOQMlcCmONp5Apm6qSQ
TiempodeSol,UC7S5EdUYwr7r04MrIjtSPNg
Biperysusamigos,UCYslmQ8uJYORVagKOtejwAQ
CaptainSparklez,UCshoKvlZGZ20rVgazZp5vnQ
Bispo Bruno Leonardo,UCVNouUw3d3l5JYVCxhAQXKA
UnspeakableGaming,UCKYb5XBe-5OSEgLijLSoDtw
epicfortnite,UClG8odDC8TS6Zpqk9CGVQiQ
pocoyotv,UCnB5W_ZJgiDFnklejRGADxw
yogawithadriene,UCFKE7WVJfvaHW5q283SxchA
Free Fire India Official,UC4AB0_ectRryjCF_ugD0U8w
crackrockcandy,UCC7tqA6lA2QRw4BdrAEKFxg
infobellskannada,UCzKWILdrVl8ZEcDzaH4kl_A
TV9 Bharatvarsh,UCOutOIcn_oho8pyVN3Ng-Pg
lucygerardi43,UCCw5Xsx3WazdczGTKJdjwPQ
Republic Bharat,UC7wXt18f2iA3EDXeqAVuKng
Magic Five,UCEGfICV92gmM5w2t3gYfQDw
CarryisLive,UC0IWRLai-BAwci_e9MylNGw
luzugames,UCHkh8YFg0l4tkY6_zvzdd5w
TheViralFeverVideos,UCNJcSUSzUeFm8W9P7UUlSeQ
hawkrecord,UCOo61v1PPAjoN2exxYAzdAw
elcarteldesantatv,UCunw-c0EKIX5LpPo8GpA2Aw
MC Divertida,UCllJguE1AIxYBmZJ8NUWiHg
MaJa Tv Hindi Stories,UCfl_I6C9DGcSGmjIGUxU04Q
ToysPlay,UCdKicyl_ve5oyjasiO6njgQ
BakLol Video,UCQfE97UMDGgKCFb7iGM8Btg
AlArabiya,UCahpxixMCwoANAftn6IxkTg
Avocado Couple I Crazy Comics,UCzrMFWFWPou9RCMufXwWdDg
Morphle TV,UC5Ti4_DVp7LW34PjEwB13Xg
watchcut,UCbaGn5VkOVlcRgIWAHcrJKA
RapGeniusVideo,UCyFZMEnm1il5Wv3a6tPscbA
Quantum Tech HD,UC4Tklxku1yPcRIH0VVCKoeA
oyabakatousan,UCCKJzBnveLS7oLpS8Q4m2eg
Mo Vlogs,UC_hoQDD6zKcIqpIYLsFbBeA
chotoonz,UC7e1XWjOlYy8XlNMeVxeKNg
comedycentral,UCUsN5ZwHx2kILm84-jPDeXw
francoescamilla,UCUjrDJokSX8JavRwy5iUOkA
FilmTheorists,UC3sznuotAs2ohg_U__Jzj_Q
Emily Tube,UC-0D1RlSzcvBoODCKSoLl2g
Virgínia Fonseca,UCsaB2VrLZrtGbum6Eo0ClbA
ExplosmEntertainment,UCWXCrItCF6ZgXrdozUS-Idw
Pari's Lifestyle,UCt_KDu-DtBqvIw7X-V7mlmQ
bharatzkitchen HINDI,UCfD08FDOGbzIxCduGKkJ0Xg
prantoniojunior,UCKEM87jzVqdIfAdTr0xNBfA
Diana and Roma IND,UCGRdNfemQ7iXpacd75SE7rA
Влад и Никита,UCppy4jafHu51iCMl-7qVbFA
KapilComedyNights,UCyfkoMQeJOoEt3ZhY3PI6Uw
jpgameplayfull,UCYSrT9w_V_5wpEahYXTeXUw
barbie,UCadtap8RYMNy8w4K9lXhzpQ
DemolitionRanch,UCBvc7pmUp9wiZIFOXEp1sCg
Levinho,UCHpEfybj_wamBKz2u6IoiGA
Acenix,UCH3h4jRKn3lJo0uORqqESPg
TygaTygaTV,UC-Eh1lR_tWVtv9AvxLybMtQ
XHuevaX,UCe7VVljK2G15Bdxfr-xQoMw
mirandasings08,UC1OFDlfdRb6ma1ZGZd07gWA
Taylor RS,UCCdYYruzqbr0FdNehbUoUiw
cbstvdinsideedition,UC9k-yiEpRHMNVOnOi_aQK8w
Mrwhosetheboss,UCMiJRAwDNSNzuYeN2uWa0pA
Oum Walid,UCVXD2kNki3rfLMhF8uNIcBQ
pinkfongko,UCqXwKu6dKobXEQFhdKtiJLQ
Doja Cat,UCzpl23pGTHVYqvKsgY0A-_w
HikakinTV,UCZf__ehlCEBPop-_sldpBUQ
doctruyencotich,UC6eq3sR4CtbvGdmInchzWUA
videogyan,UCs0upBDG-dCAxy8_VDPE5XA
Área Secreta,UCcFgREmujdPHvA7I_VOmgIA
Dobre Brothers,UCC3OGYxHwV8pB5yLobw9KdA
OGGY,UCNEKMkg_DG8eAyR1BNWsSvw
Flowers Comedy,UCmAPdImtXLGh5E-lTTH4Qmg
GamesEduUu,UCYzp8-P162Em-3uZnCuGJOg
OYUNCAKOYNUYORUM,UCGZrRXxlJGFCH1SMwpMbfAw
Flamingo,UCm-X6o81nRsXQTmqpyArkBQ
penguinz0,UCq6VFHwMzcMXbuKyG7SQYIg
N1Noobtubers,UC0avk6i7f9ZYFfORXMgZxlA
brancoala,UC0otZdGYsA9KqVKAcn2peQA
Experienced Mojaraba TV,UCCvguzToWt3PYumFPRusUKg
sagahits,UCuFwzKrS0wE43CSkyaHBGiQ
NEXT9NEWS हर खबर आप तक,UCRNmk0RhyeoHOgcB5xxgqBw
telugufilmnagar,UCintIUOJEktQBfhEI9XXpuw
Jessica Jane,UCFuM3BWlLM3YbLjkXBiJ8-A
Golemcito Games,UC6Ij1c74Gm-TicYZsKL1FAw
TWO SIDE GAMERS,UCiDikVE7Y4_KpQwsxarj38g
OfficiallyAnneMarie,UCBL7ZxVX4GvW4CFiES_-0YA
Slogomanify,UCHdMK5Ef2El8KbD3L_WgANg
Vox,UCLXo7UDZvByw2ixzpQCufnA
WarnerBrosPictures,UCjmJDM5pRKbUlVIzDYYWb6g
Google,UCK8sQmJBp8GCxrOtXWBpyEA
AdamThomasMoran,UC-27_Szq7BtHDoC0R2U0zxA
GoProCamera,UCqhnX4jA0A5paNd1v-zEysw
Lofi Girl,UCSJ4gkVC6NrvII8umztf0Ow
Troom Troom Arabic,UCyiLrFQqqJDQFOGAQ5pyC9w
Nao FunFun,UCS3VJQpFmLbBd5qsWci9KPA
Ceylin - H Official,UC_klp3SfMIWQHK0Q0HWKJuA
stampylonghead,UCj5i58mCkAREDqFWlhaQbOw
Rachit Rojha,UCwBlZvRTu3vasTWUE9U5wPw
zeetamil,UC_wIGmvdyAQLtl-U2nHV9rg
Captain Watch Hits,UCG_rbseeLwlrNVJg-p4M3rA
Ben Azelart,UCwVg9btOceLQuNCdoQk9CXg
aljazeerachannel,UCfiwzLy-8yKzIbsmZTzxDgw
MeKcanal,UC4WvVh0AwJ6K9w1JLepce7A
tomiii 11,UCzFJ9ZkjYpxWTSqX9cVXj4g
TikTak Draw,UCXW9I3tejb37PGHyHcQc6hA
DuDuPopTOY,UCByBXiL8TC7atFvIuNC95Hg
Kids smile TV,UCHia02_AKmqXtxsDxrYOxow
rangeldovine,UCNmBUECIkUyPr2hxIAT3vzw
craftingeek,UCXnBB3IuuXAH2kDr69-632A
Vlad and Niki PRT,UCiuZ9qRr3mrykNmWcAPmJ0w
francinyehlke,UCoTM-vvs2hnv2mCvzNJ5uXA
BE AMAZED,UCkQO3QsgTpNTsOw6ujimT5Q
Pen Multiplex,UCObyBrdrtQ20BU9PxHQDY9w
soicon295,UCU0SGO9-HhqZfsB9v8sbJ5w
"Baby Big Mouth Kids - Sing, Dance, Explore",UCWr4vlkj5xXQ4bSXNeTT2AA
PinaRecordsVideos,UCmKSr4RkQLqPPxSh2Y2xEdQ
redbull,UCblfuW_4rakIf2h6aqANefA
BuzzFeedYellow,UCay_OLhWtf9iklq8zg_or0g
ChillStepNation,UCM9KEEuzacwVlkt9JfJad7g
Alan Chikin Chow,UC5gxP-2QqIh_09djvlm9Xcg
Milena Stepanienco - MILENINHA,UCMQGjL7ft6aNLKPp5xN-P3A
قناة وناسة -  Wanasah TV,UCiRfBu1ymNpygUgpvGzVr_w
sbtthenoite,UCEWOoncsrmirqnFqxer9lmA
destinws2,UC6107grRI4m0o2-emgoDnAA
SaraBeautyCorner,UC0YvTCy1I4_a-3pn47_5DBA
LA DIVAZA,UCY_37NEvihrX3Te637OTxOg
CJENMMUSIC,UC_pwIXKXNm5KGhdEVzmY60A
Caso Cerrado,UCGbofRROopWrumVob5w61OA
Primitive Technology,UCAL3JXZSzSm8AlZyD3nQdBA
Goldmines Housefull,UC2aBjYYDkwN5LLSB8957KZQ
mrplotvideos,UC0cGVh96osM7yqMu0ENSKKQ
Playing with Rafael,UCwawAhSsdZ4hO2WPOdM_iYw
Cris Devil Gamer,UCd0neB_LB1xpwIYDetX2qTg
ctctv,UCdmauIL-k-djcct-yMrf82A
RDCGujarati,UCuB7zkQVpcPKzHYJn45vM9w
HISHEdotcom,UCHCph-_jLba_9atyCZJPLQQ
ChuChuTV Hindi,UCbH4Ii9Htdqc-QgxoV3M0Qw
MrGustavoParodias,UCvQzqiZc4RXGODrIbSwMseQ
historychannel,UC9MAhZQQd9egwWCxrwSIsJQ
Joe HaTTab,UCe6eisvsctSPvBhmincn6kA
WAMIndiaMovies,UCt7_pnSRPKU3bu2GqmgH8gQ
lincolnvelasquez,UC73zqrs0Th_a9dFUivEmv2A
Pinkfong en español - Canciones Infantiles,UCrYwqJZ-AnvnyF8vRndgvnA
atv,UCUVZ7T_kwkxDOGFcDlFI-hg
TwinRoozi 쌍둥이 루지,UCMa-5a4Hg3KnbiDOvhdfb3w
AsapSCIENCE,UCC552Sd-3nyi_tk2BudLUzA
rathorvideo,UCbSGbqIVds2FiYn-0v0AqSA
KiKiDo,UCWGK2_WVaXWv-QrkgT9-KDw
Indore Physical Academy,UC196qeFpI8slOwK8ZWjKndw
DalasReview,UCgRr2pZaGeaZVN6LfbvQk9w
Hindi Kahaniya,UCv2fH7qjvBKoc6v0s2bVVBg
Heidi y Zidane en español,UCLVpcJc8LpFclTssfVZ5wGw
0214mex,UCgMPP6RRjktV7krOfyUewqw
Toymong tv 토이몽TV,UC0vDCy8moGUhR7kRL19wWpw
cleanbandit,UCvhQPdeTHzIRneScV8MIocg
Rawan and Rayan,UCPvLEc3la6Q2MdlCXzKRRPg
Hindi Fairy Tales,UCsyoNsqE37tZIkuvqVPTa7g
Guns N' Roses,UCIak6JLVOjqhStxrL1Lcytw
Sab Kuchh Sekho Jano,UCFSwJWimyZf2nGhorMtigrw
Peppa Pig Hindi,UCF9IpcBgYvMS3GKkM_xwiqA
5-Minute Crafts LIKE,UCzTWHWnJ6VIcbkpqyv7_FaQ
Lorrayne Oliveira,UC--FL6OwLFWGIZfLfazY4yA
NASAtelevision,UCLA_DiR1FfKNvjuUpBHmylQ
Heroine Movies 2022,UCUA8F-8W2qHvmRj5Xd-F8CQ
Receitas de Pai,UCF5WzS-iBJRfp_EcFI-GT1w
JessicaJulioeBaby,UCqeXVpv9hfwxNgO9RaGceUw
Viki Show,UCnm_vYgguleXm0FL4F2vejg
T-STUDIO,UCZGcvm26TfY3g1EQ-ohXBvg
sadhguru,UCcYzLCs3zrQIBVHYA1sK2sw
Hindi Countdown,UCk3GTZAJ3PLrVaz3qR74EcA
ARYNEWSofficial,UCMmpLL2ucRHAXbNHiCPyIyg
Wylsacom,UCt7sv-NKh44rHAEb-qCCxvA
вДудь,UCMCgOm8GZkHp8zJ6l7_hIuA
Comedy Captain,UCALeHfwxZslowXw-ug7tT7g
Danny Fitt,UC_82tbyeBHSaDbL725LMlvw
Ryan Trahan,UCnmGIkw-KdI0W5siakKPKog
BBCArabicNews,UCelk6aHijZq-GJBBB9YpReA
TomorrowlandChannel,UCsN8M73DMWa8SPp5o_0IAQQ
MTV,UCxAICW_LdkfFYwTqTHHE0vg
sonyliv,UCOQNJjhXwvAScuELTT_i7cQ
Luan Palomera,UCUl-2o1dLbH_GCoU_B_1tsg
Marta and Rustam,UCm-Qr3k89gtXcuv2jL29XFw
PineappleStormTV,UCqrFwa5vueOTzGZ7NSlnvlQ
Christian Nodal,UCtqOng3GVhQVu1Gl-3UlyAQ
miniminter,UCWZmCMB7mmKWcXJSIPRhzZw
RUOK,UC9FL0_4gUAQJLVmlExjx1Xw
Sơn Tùng M-TP Official,UClyA28-01x4z60eWQ2kiNbA
VitalyzdTv,UC1KPy3cAAj0i0RIFC_SzjMg
5-Minute Recipes,UCkqaQoGJ2rAHhWk7gzsb9Aw
Dynamo Gaming,UCqNH56x9g4QYVpzmWTzqVYg
Survival Builder,UCj6VfZEQTxX8Tp2My5L9Ykw
Talent Recap,UCSWwb_YyNB8vuC1VDcfPPaQ
ChennaiExp2013,UCjJKg01HAP01xCLVhDmnLhw
BERTH-OH,UC2IDkGu61j_mwNJOc54Sb5w
Patty Mayo,UCEYLdM2bdhmw-TS3c0TjFNw
Islam Populer,UCXhg6jUrkGLiiwk7Zr13SuQ
singkingkaraoke,UCwTRjvjVge51X-ILJ4i22ew
설기양SULGI,UCIafb9ExBkh4WsCOagZssZA
Nickelodeon,UC5M_h2S8Ldoc9M6f7B-_m6A
The Daily Show with Trevor Noah,UCwWhs_6x42TyRM4Wstoq8HA
timesmusicindia,UCo07fumrTn1w4AxcU4j_uDw
familyfunpack,UCvthuVsurPaVz2a7_4LepGg
EugenBro,UCI-t7aBR9T38EzLaNNXLLqA
barcroftmedia,UCfwx98Wty7LhdlkxL5PZyLA
mamilosmolengas,UC607Gii1uo93qDqiGR6-c3w
Family Box,UC-jHNWViReG6R_kJ6b45FdQ
[햄지]Hamzy,UCPKNKldggioffXPkSmjs5lQ
makebymarimaria,UCcHR0RvLYk33ppkjBw3UaEA
BrPVPHu3,UCp8i4boXFm2UB3te86RxAZQ
joycetanner,UCEq2mmBydypRUvTlTgm_ghA
shrutiarjunanand,UCIsotCCdTjStPCLyD9iBCCQ
ThePersica,UCIXYyHANDvinQMIdauzSNJA
MBCkpop,UCe52oeb7Xv_KaJsEzcKXJJg
OneRepublic,UCi4EDAgjULwwNBHOg1aaCig
Stray Kids,UC9rMiEjNaCSsebs31MRDCRA
ChuChuTV Español,UCBbsyG0o_cWlyY46ZRSdYJg
panicopgm,UCfxWYi2wFh4ma2uUCcH7VKg
TeremokTV,UCxWkNmkeAL52VTJyBlIJRXw
Netflix Latinoamérica,UC5ZiUaIJ2b5dYBYGf5iEUrA
مصطفى GAME OVER,UC3CFqU4KlktVPPJ1Km87pRg
htv2channel,UCkna2OcuN1E6u5I8GVtdkOw
hasanjr11,UCgqAMw2V_Ddy4SfmovUTh8Q
Raditya Dika,UC0rzsIrAxF4kCsALP6J2EsA
Prince Royce,UCAMpOm4QAk15tLyjuBNtQyg
Oneindia Hindi | वनइंडिया हिंदी,UCOjgc1p2hJ4GZi6pQQoXWYQ
CS Bisht Vines,UC3uTUlmgECBnsP777U4GPKQ
TeremokSongs,UCqZZoXlUEki3H7_GCQrw53A
IniTalkShow,UCo1CFjot3CX97sn_ngJnGPg
buzzfeedblue,UCBUVGPsJzc1U8SECMgBaMFw
Eagle Home Entertainments,UCy-AB5ehLFqh1FtCVIH4Q3A
SULE PRODUCTIONS,UCZWk_k207M--sLScrLdM3JQ
The Voice Global,UCJYtYkiGldqX6Ne938j-k2g
bhaktisongs,UC7ZivIYRB0fMSGh-THcTYbw
Larva2011ani,UCph-WGR0oCbJDpaWmNHb5zg
DRJ Records Specials ,UCc3MkAZEckswe3SzdiVIvgA
Doctor Mike,UC0QHWhjbe5fGJEPz3sVb6nw
123 GO! Hindi,UCClG8Br9HvIlgJEnP0GiJbQ
welovekamikaze,UCjqZeIIXmNj3WS7auJjJFpg
TheSyndicateProject,UC1ieoHqKW-yYgDhLHIcx28w
DELRECORDS,UChYwYTzrhfxPfJPFWRlYwUg
BIBI,UCF5VmU9N3sqqVe-F6E4gewg
