Channel,Recommendations
Emily Tube,"['Taylor RS', 'TommyInnit', 'Vlad and Niki', 'Like Nastya', 'KSIOlajidebtHD']"
PlayStation,"['IGNentertainment', 'theRadBrad', 'H2ODelirious', 'Slogomanify', 'kwebbelkop']"
TygaTygaTV,"['GooodLifeFilms', 'WorldStarHipHopTV', 'DrakeOfficial', 'RapGeniusVideo', 'postmalone']"
RomanAtwoodVlogs,"['failarmy', 'BritainsGotTalent09', 'MrBean', 'MegatoadStonie', 'RayWilliamJohnson']"
PewDiePie,"['KSIOlajidebtHD', 'MrBeast Shorts', 'oRugrat', 'aynakoitsroi', ""Ryan's World""]"
WorldStarHipHopTV,"['TygaTygaTV', 'GooodLifeFilms', 'YoungBoy Never Broke Again', 'DrakeOfficial', 'RapGeniusVideo']"
Crafty Panda,"['gottalentglobal', 'onemeeeliondollars', 'barcroftmedia', 'MrBean', 'failarmy']"
DJ Khaled,"['MattyBRaps', 'Cardi B', 'JakePaulProductions', 'postmalone', 'RapGeniusVideo']"
Doctor Mike,"['BuzzFeedVideo', 'BRIGHT SIDE', 'buzzfeedblue', 'TEDEducation', 'AsapSCIENCE']"
xoxxxoooxo,"['RapGeniusVideo', 'GooodLifeFilms', 'VEVO', 'TygaTygaTV', 'postmalone']"
SaraBeautyCorner,"['WWWengie', 'BuzzFeedYellow', 'SockeyeMedia', 'barbie', 'BuzzFeedVideo']"
TheFineBros,"['WatchMojo', 'smosh', 'React', 'RayWilliamJohnson', 'DisneyMusicVEVO']"
bbcnews,"['Vox', 'vice', 'TheInfographicsShow', 'ABCNews', 'TheRichest']"
VitalyzdTv,"['MegatoadStonie', 'BritainsGotTalent09', 'RayWilliamJohnson', 'RomanAtwoodVlogs', 'comedycentral']"
TheSyndicateProject,"['VanossGaming', 'H2ODelirious', 'CaptainSparklez', 'kwebbelkop', 'SSundee']"
Technology Gyan,"['Mrwhosetheboss', 'Unbox Therapy', 'marquesbrownlee', 'Google', 'Daniel LaBelle']"
1032010814,"['colinfurze', 'destinws2', 'CrazyRussianHacker', 'onemeeeliondollars', 'The Q']"
5-Minute Crafts,"['Troom Troom', 'Blossom', '5-Minute Crafts DIY', 'onemeeeliondollars', 'Unspeakable']"
Blossom,"['5-Minute Crafts', 'onemeeeliondollars', 'gottalentglobal', 'CrazyRussianHacker', '办公室小野 Ms Yeah']"
5-Minute Crafts DIY,"['5-Minute Crafts', 'Troom Troom', 'Blossom', '5-Minute Crafts FAMILY', 'onemeeeliondollars']"
VEVO,"['majorlazer', 'AtlanticVideos', 'Marshmello', 'postmalone', 'CharliesVlogs']"
RiotGamesInc,"['NoCopyrightSounds', 'RosannaPansino', 'SSSniperWolf', 'SSundee', 'TheFineBros']"
typicalgamer,"['kwebbelkop', 'VanossGaming', 'H2ODelirious', 'theRadBrad', 'Slogomanify']"
movieclips,"['SesameStreet', 'collegehumor', 'comedycentral', 'JimmyKimmelLive', 'disneyjunior']"
FilmTheorists,"['WatchMojo', 'DisneyMusicVEVO', 'HISHEdotcom', 'collegehumor', 'PinkPanther']"
MrBeast Shorts,"['PewDiePie', 'KSIOlajidebtHD', 'Daily Dose Of Internet', 'oRugrat', 'aynakoitsroi']"
Free Fire India Official,"['KSIOlajidebtHD', 'PewDiePie', 'LazarBeam', 'H2ODelirious', 'NinjasHyper']"
MY FAMILY,"['toypudding', 'Like Nastya Show', 'Avocado Couple I Crazy Comics', 'Come Play With Me', 'Toys and Colors']"
LooLooKids,"['Doja Cat', 'ChuChu TV Nursery Rhymes & Kids Songs', 'checkgate', 'realannoyingorange', 'Daily Dose Of Internet']"
rhettandlink2,"['gottalentglobal', 'disneyjunior', 'Bounce Patrol - Kids Songs', 'RayWilliamJohnson', 'storybots']"
Quantum Tech HD,"['1032010814', 'onemeeeliondollars', 'colinfurze', 'BE AMAZED', 'destinws2']"
BRIGHT SIDE,"['AsapSCIENCE', 'buzzfeedblue', 'Doctor Mike', 'TEDEducation', 'BE AMAZED']"
Bounce Patrol - Kids Songs,"['SmartBooksMedia', 'buzzfeedblue', 'SesameStreet', 'storybots', 'MrBean']"
5-Minute Crafts PLAY,"['Troom Troom', '5-Minute Crafts DIY', '5-Minute Crafts', 'Bounce Patrol - Kids Songs', 'SockeyeMedia']"
MartinGarrix,"['SpinninRec', 'AllTrapNation', 'THECHAINSMOKERS', 'MrSuicideSheep', 'TomorrowlandChannel']"
Nickelodeon,"['WatchMojo', 'DisneyMusicVEVO', 'TheFineBros', 'FilmTheorists', 'React']"
Blippi - Educational Videos for Kids,"['Dave and Ava - Nursery Rhymes and Baby Songs', 'storybots', 'Kids TV - Nursery Rhymes And Baby Songs', 'checkgate', 'LittleBabyBum']"
Morphle TV,"['123 GO!', 'PinkPanther', 'failarmy', 'monstafluffmusicTV', 'DopeLyrics']"
whoisjimmy,"['theslowmoguys', 'destinws2', 'Zach King', 'BBCEarth', 'Survival Builder']"
Alan Chikin Chow,"['NBA', 'JimmyKimmelLive', 'PitbullMusic', 'taylorgangent', 'latenight']"
MrSuicideSheep,"['AllTrapNation', 'SpinninRec', 'DjWalkzz', 'majorlazer', 'THECHAINSMOKERS']"
TommyInnit,"['NoCopyrightSounds', 'VanossGaming', 'DopeLyrics', 'monstafluffmusicTV', 'SSundee']"
destinws2,"['colinfurze', 'NationalGeographic', 'onemeeeliondollars', 'CrazyRussianHacker', 'theslowmoguys']"
5-Minute Crafts FAMILY,"['5-Minute Crafts', '5-Minute Crafts DIY', 'Troom Troom', 'Blossom', 'Quantum Tech HD']"
Dan Rhodes,"['boyceavenue', 'elliegoulding', 'SAM SMITH', 'AtlanticVideos', 'kidrauhl']"
Akon,"['WorldStarHipHopTV', 'YoungBoy Never Broke Again', 'DrakeOfficial', 'TygaTygaTV', 'ChrisBrownTV']"
NichLmao,"['Dhar Mann', 'Niana Guerrero', 'JustForLaughsTV', 'VitalyzdTv', 'RomanAtwoodVlogs']"
Lil Pump,"['Cardi B', 'JakePaulProductions', 'taylorgangent', 'postmalone', 'Doja Cat']"
SockeyeMedia,"['storybots', 'SesameStreet', 'disneyjunior', 'LittleBabyBum', 'TheEllenShow']"
Dave and Ava - Nursery Rhymes and Baby Songs,"['Blippi - Educational Videos for Kids', 'Kids TV - Nursery Rhymes And Baby Songs', 'LittleBabyBum', 'storybots', 'checkgate']"
PrestonPlayz,"['TheDiamondMinecart', 'CaptainSparklez', 'UnspeakableGaming', 'SSundee', 'MatthewPatrick13']"
Kids TV - Nursery Rhymes And Baby Songs,"['LittleBabyBum', 'checkgate', 'storybots', 'ChuChu TV Nursery Rhymes & Kids Songs', 'SmartBooksMedia']"
markiplierGAME,"['MatthewPatrick13', 'FGTeeV', 'penguinz0', 'realannoyingorange', 'React']"
latenight,"['TheEllenShow', 'TheLateLateShow', 'JimmyKimmelLive', 'SesameStreet', 'comedycentral']"
officialjassrecords,"['Geet MP3', 'speedrecordss', 'TheRichest', 'vice', 'Vox']"
historychannel,"['TheRichest', 'TheInfographicsShow', 'vice', 'BE AMAZED', 'cbstvdinsideedition']"
cbstvdinsideedition,"['ABCNews', 'comedycentral', 'barcroftmedia', 'vice', 'BE AMAZED']"
TTfue,"['NinjasHyper', 'epicfortnite', 'LazarBeam', 'Free Fire India Official', 'H2ODelirious']"
storybots,"['disneyjunior', 'SesameStreet', 'LittleBabyBum', 'buzzfeedblue', 'SmartBooksMedia']"
Primitive Technology,"['1032010814', 'NationalGeographic', 'destinws2', 'CrazyRussianHacker', 'colinfurze']"
theofficialpeppa,"['SmartBooksMedia', 'buzzfeedblue', 'BuzzFeedVideo', 'checkgate', 'storybots']"
NinjasHyper,"['TTfue', 'LazarBeam', 'epicfortnite', 'H2ODelirious', 'Free Fire India Official']"
HZHtube Kids Fun,"['Avocado Couple I Crazy Comics', 'LooLooKids', 'LankyBox', 'BuzzFeedYellow', 'toypudding']"
TEDtalksDirector,"['TEDEducation', 'crashcourse', 'Kurzgesagt', 'AsapSCIENCE', 'vice']"
qzMendShawqz,"['OfficiallyAnneMarie', 'therealdemilovato', 'beyonce', 'Halsey', 'CharliesVlogs']"
marquesbrownlee,"['Mrwhosetheboss', 'Unbox Therapy', 'Google', 'Apple', 'Beast Reacts']"
OfficiallyAnneMarie,"['CharliesVlogs', 'qzMendShawqz', 'cleanbandit', 'elliegoulding', 'beyonce']"
twentyonepilots,"['FueledByRamen', 'ColdplayVEVO', 'React', 'Marshmello', 'VEVO']"
buzzfeedblue,"['BuzzFeedVideo', 'collegehumor', 'BRIGHT SIDE', 'SmartBooksMedia', 'MegatoadStonie']"
123 GO!,"['failarmy', 'gottalentglobal', '5-Minute Crafts', 'Daily Dose Of Internet', 'Blossom']"
ABCNews,"['CNN', 'The Daily Show with Trevor Noah', 'cbstvdinsideedition', 'Vox', 'vice']"
ChuChu TV Nursery Rhymes & Kids Songs,"['LittleBabyBum', 'videogyan', 'checkgate', 'SmartBooksMedia', 'Doja Cat']"
DemolitionRanch,"['MstrJames', 'colinfurze', '1032010814', 'DALLMYD', 'Patty Mayo']"
DuDuPopTOY,"['Zach King', 'BBCEarth', 'whoisjimmy', 'Daily Dose Of Internet', 'theslowmoguys']"
DrakeOfficial,"['TygaTygaTV', 'WorldStarHipHopTV', 'RapGeniusVideo', 'GooodLifeFilms', 'YoungBoy Never Broke Again']"
FGTeeV,"['realannoyingorange', 'aynakoitsroi', 'Nat and Essie', 'CookieSwirlC', 'MatthewPatrick13']"
AsapSCIENCE,"['BRIGHT SIDE', 'buzzfeedblue', 'TEDEducation', 'TEDtalksDirector', 'BuzzFeedVideo']"
crackrockcandy,"['JustForLaughsTV', 'TheDodoSite', 'BBCEarth', 'CrazyRussianHacker', 'BritainsGotTalent09']"
5-Minute Crafts Recycle,"['5-Minute Crafts', 'Troom Troom', '5-Minute Crafts DIY', 'Blossom', '5-Minute Crafts LIKE']"
Taylor RS,"['Emily Tube', 'Vlad and Niki', 'TommyInnit', 'Like Nastya', 'Come Play With Me']"
Chloe Ting,"['yogawithadriene', 'BuzzFeedYellow', 'BuzzFeedVideo', 'barbie', 'buzzfeedblue']"
BBC,"['MrBean', 'SesameStreet', 'collegehumor', 'BritainsGotTalent09', 'movieclips']"
H2ODelirious,"['kwebbelkop', 'VanossGaming', 'theRadBrad', 'Slogomanify', 'IGNentertainment']"
OfficialClashOfClans,"['SSundee', 'TheSyndicateProject', 'corycotton', 'NoCopyrightSounds', 'LazarBeam']"
WWWengie,"['Americanvogue', 'BuzzFeedYellow', 'barbie', 'BuzzFeedVideo', 'SaraBeautyCorner']"
TalkingFriends,"['SSSniperWolf', 'FilmTheorists', 'WatchMojo', 'realannoyingorange', 'MatthewPatrick13']"
ColdplayVEVO,"['FueledByRamen', 'AtlanticVideos', 'Kurt Hugo Schneider', 'cleanbandit', 'monstafluffmusicTV']"
MusicTalentNow,"['BritainsGotTalent09', 'AmericasGotTalent', 'TheEllenShow', 'gottalentglobal', 'watchcut']"
Patty Mayo,"['cbstvdinsideedition', 'barcroftmedia', 'watchcut', 'gottalentglobal', 'BE AMAZED']"
Apple,"['Unbox Therapy', 'marquesbrownlee', 'Mrwhosetheboss', 'Google', 'Lofi Girl']"
Marshmello,"['DjWalkzz', 'majorlazer', 'monstafluffmusicTV', 'VEVO', 'THECHAINSMOKERS']"
Peppa Pig Hindi,"['Camila Cabello', 'therealdemilovato', 'Meghan Trainor', 'Halsey', 'qzMendShawqz']"
yogawithadriene,"['Chloe Ting', 'BuzzFeedYellow', 'JDCav24', 'TEDtalksDirector', 'BRIGHT SIDE']"
PinkPanther,"['ExplosmEntertainment', 'gottalentglobal', 'MrBean', 'buzzfeedblue', 'smosh']"
KSIOlajidebtHD,"['PewDiePie', 'oRugrat', 'MrBeast Shorts', 'aynakoitsroi', 'JakePaulProductions']"
RayWilliamJohnson,"['HowToBasic', 'smosh', 'BritainsGotTalent09', 'ExplosmEntertainment', 'collegehumor']"
HISHEdotcom,"['WarnerBrosPictures', 'FilmTheorists', 'movieclipsTRAILERS', 'DisneyMusicVEVO', 'WatchMojo']"
React,"['TheFineBros', 'WatchMojo', 'DisneyMusicVEVO', 'singkingkaraoke', 'MTV']"
Slogomanify,"['H2ODelirious', 'kwebbelkop', 'VanossGaming', 'theRadBrad', 'IGNentertainment']"
Kids smile TV,"['FirstWeFeast', 'PitbullMusic', 'latenight', 'comedycentral', 'JimmyKimmelLive']"
1veritasium,"['Kurzgesagt', 'destinws2', 'TEDEducation', 'BE AMAZED', 'NationalGeographic']"
DALLMYD,"['onemeeeliondollars', '1032010814', 'CrazyRussianHacker', 'BBCEarth', 'NationalGeographic']"
Zach Choi ASMR,"['BuzzFeedVideo', 'barbie', 'monstafluffmusicTV', 'ChuChu TV Nursery Rhymes & Kids Songs', 'watchcut']"
gordonramsay,"['Tasty', 'MegatoadStonie', 'buzzfeedblue', 'CrazyRussianHacker', 'BuzzFeedVideo']"
TheDodoSite,"['BBCEarth', 'crackrockcandy', 'barcroftmedia', 'onemeeeliondollars', 'Daily Dose Of Internet']"
kidrauhl,"['elliegoulding', 'VEVO', 'AtlanticVideos', 'CharliesVlogs', 'PitbullMusic']"
TheLateLateShow,"['latenight', 'TheEllenShow', 'JimmyKimmelLive', 'NewOnNetflix', 'MTV']"
Tasty,"['gordonramsay', '5-Minute Crafts DIY', 'Blossom', 'Village Cooking Channel', '5-Minute Recipes']"
Maha Fun Tv,"['SSundee', 'TheDiamondMinecart', 'NoCopyrightSounds', 'CaptainSparklez', 'Lofi Girl']"
The Voice Global,"['Talent Recap', 'MusicTalentNow', 'AmericasGotTalent', 'monstafluffmusicTV', 'singkingkaraoke']"
Like Nastya,"['Vlad and Niki', 'Come Play With Me', 'Мирошка ТВ', 'videogyan', 'chadwildclay']"
DjWalkzz,"['Marshmello', 'majorlazer', 'NoCopyrightSounds', 'AllTrapNation', 'THECHAINSMOKERS']"
Google,"['Unbox Therapy', 'TEDtalksDirector', '1veritasium', 'Ryan Trahan', 'TEDEducation']"
LittleBabyBum,"['disneyjunior', 'ChuChu TV Nursery Rhymes & Kids Songs', 'checkgate', 'storybots', 'SesameStreet']"
UnspeakableGaming,"['CaptainSparklez', 'WiederDude', 'PrestonPlayz', 'TheDiamondMinecart', 'SSundee']"
jordanmatter,"['Americanvogue', 'Talent Recap', 'MattSDance', 'siavideos', 'MTV']"
VanossGaming,"['kwebbelkop', 'H2ODelirious', 'smosh', 'NoCopyrightSounds', 'Slogomanify']"
toypudding,"['MY FAMILY', 'Like Nastya Show', 'Toys and Colors', 'Avocado Couple I Crazy Comics', 'Nat and Essie']"
IGNentertainment,"['theRadBrad', 'PlayStation', 'H2ODelirious', 'Slogomanify', 'MatthewPatrick13']"
NASAtelevision,"['1veritasium', 'destinws2', 'Kurzgesagt', 'colinfurze', 'NationalGeographic']"
Vox,"['vice', 'bbcnews', 'TEDEducation', 'ABCNews', 'TEDtalksDirector']"
DisneyChannelUK,"['Nickelodeon', 'React', 'DisneyMusicVEVO', 'barbie', 'monstafluffmusicTV']"
Niana Guerrero,"['BritainsGotTalent09', 'JustForLaughsTV', 'RomanAtwoodVlogs', 'MegatoadStonie', 'VitalyzdTv']"
Coke Studio,"['harpalgeo', 'speedrecordss', 'popchartbusters', 'tseriesoldisgold', 'venus']"
majorlazer,"['DjWalkzz', 'Marshmello', 'AllTrapNation', 'cleanbandit', 'VEVO']"
aynakoitsroi,"['realannoyingorange', 'chadwildclay', 'CookieSwirlC', 'oRugrat', 'JakePaulProductions']"
Mrwhosetheboss,"['marquesbrownlee', 'Unbox Therapy', 'Google', 'Apple', 'Technology Gyan']"
Wow Kidz,"['FGTeeV', 'MatthewPatrick13', 'TalkingTomCat', 'PrestonPlayz', 'realannoyingorange']"
siavideos,"['elliegoulding', 'AtlanticVideos', 'FueledByRamen', 'Kurt Hugo Schneider', 'boyceavenue']"
OGGY,"['DopeLyrics', 'Lofi Girl', 'realannoyingorange', 'smosh', 'monstafluffmusicTV']"
disneyjunior,"['SesameStreet', 'storybots', 'LittleBabyBum', 'movieclips', 'collegehumor']"
monstafluffmusicTV,"['DopeLyrics', 'FueledByRamen', 'singkingkaraoke', 'Lofi Girl', 'Marshmello']"
Little Angel: Nursery Rhymes & Kids Songs,"['SmartBooksMedia', 'comedycentral', 'MegatoadStonie', 'movieclips', 'SesameStreet']"
Halsey,"['therealdemilovato', 'qzMendShawqz', 'beyonce', 'Camila Cabello', 'OfficiallyAnneMarie']"
speedrecordss,"['popchartbusters', 'tseriesoldisgold', 'venus', 'ndtv', 'Coke Studio']"
collegehumor,"['SesameStreet', 'movieclips', 'buzzfeedblue', 'comedycentral', 'BuzzFeedVideo']"
FirstWeFeast,"['latenight', 'JimmyKimmelLive', 'comedycentral', 'TheLateLateShow', 'TheEllenShow']"
failarmy,"['RomanAtwoodVlogs', 'HowToBasic', 'gottalentglobal', 'BritainsGotTalent09', 'MrBean']"
TalkingAngelaCat,"['Мирошка ТВ', '5-Minute Crafts', 'Troom Troom', 'BRIGHT SIDE', 'onemeeeliondollars']"
Come Play With Me,"['aynakoitsroi', 'JakePaulProductions', ""Ryan's World"", 'chadwildclay', 'oRugrat']"
HowToBasic,"['RayWilliamJohnson', 'MrBean', 'ExplosmEntertainment', 'BritainsGotTalent09', 'smosh']"
办公室小野 Ms Yeah,"['Blossom', 'onemeeeliondollars', 'colinfurze', 'CrazyRussianHacker', 'MrBean']"
Americanvogue,"['MTV', 'TheLateLateShow', 'beyonce', 'Cardi B', 'TheEllenShow']"
corycotton,"['Daniel LaBelle', 'comedycentral', 'gottalentglobal', 'RomanAtwoodVlogs', 'MegatoadStonie']"
tseriesoldisgold,"['venus', 'popchartbusters', 'speedrecordss', 'ndtv', 'ChennaiExp2013']"
TheDiamondMinecart,"['SSundee', 'CaptainSparklez', 'PrestonPlayz', 'UnspeakableGaming', 'MatthewPatrick13']"
Like Nastya Show,"['toypudding', 'MY FAMILY', 'Мирошка ТВ', 'videogyan', 'cbstvdinsideedition']"
Lofi Girl,"['DopeLyrics', 'buzzfeedblue', 'monstafluffmusicTV', 'queenofficial', 'checkgate']"
Talent Recap,"['AmericasGotTalent', 'MusicTalentNow', 'TheEllenShow', 'TheLateLateShow', 'latenight']"
LankyBox,"['realannoyingorange', 'aynakoitsroi', 'LooLooKids', 'oRugrat', 'OGGY']"
AmericasGotTalent,"['Talent Recap', 'MusicTalentNow', 'gottalentglobal', 'BritainsGotTalent09', 'TheEllenShow']"
ImagineDragons,"['twentyonepilots', 'React', 'OneRepublic', 'ColdplayVEVO', 'NoCopyrightSounds']"
soicon295,"['whoisjimmy', 'Blossom', 'theslowmoguys', 'The Q', 'BBCEarth']"
theslowmoguys,"['whoisjimmy', 'destinws2', 'colinfurze', 'CrazyRussianHacker', 'BBCEarth']"
Мирошка ТВ,"[""Ryan's World"", 'videogyan', 'BE AMAZED', 'ChuChu TV Nursery Rhymes & Kids Songs', 'LooLooKids']"
Beast Reacts,"['Ryan Trahan', 'Lofi Girl', 'aynakoitsroi', 'Daily Dose Of Internet', ""Ryan's World""]"
comedycentral,"['movieclips', 'JimmyKimmelLive', 'SesameStreet', 'collegehumor', 'TheEllenShow']"
BritainsGotTalent09,"['RayWilliamJohnson', 'MrBean', 'MegatoadStonie', 'HowToBasic', 'gottalentglobal']"
Ya - Alisa,"['Ya - Alisa', 'JustForLaughsTV', 'crackrockcandy', 'HowToBasic', 'Niana Guerrero']"
taylorgangent,"['postmalone', 'Lil Pump', 'GooodLifeFilms', 'PitbullMusic', 'AtlanticVideos']"
NBA,"['DrakeOfficial', 'Alan Chikin Chow', 'taylorgangent', 'WorldStarHipHopTV', 'TygaTygaTV']"
NewOnNetflix,"['TheLateLateShow', 'JimmyKimmelLive', 'movieclips', 'latenight', 'TheEllenShow']"
ExplosmEntertainment,"['HowToBasic', 'MrBean', 'collegehumor', 'RayWilliamJohnson', 'smosh']"
venus,"['tseriesoldisgold', 'popchartbusters', 'speedrecordss', 'ChennaiExp2013', 'ndtv']"
Troom Troom,"['5-Minute Crafts', '5-Minute Crafts DIY', 'Blossom', 'Unspeakable', 'gottalentglobal']"
crashcourse,"['TEDEducation', 'TEDtalksDirector', 'Kurzgesagt', 'Vox', 'AsapSCIENCE']"
ZEE5,"['ChennaiExp2013', 'venus', 'tseriesoldisgold', 'popchartbusters', 'speedrecordss']"
LinusTechTips,"['Unbox Therapy', 'kwebbelkop', 'Slogomanify', 'marquesbrownlee', 'Beast Reacts']"
onemeeeliondollars,"['NationalGeographic', 'BE AMAZED', 'destinws2', 'gottalentglobal', 'CrazyRussianHacker']"
smosh,"['RayWilliamJohnson', 'ExplosmEntertainment', 'HowToBasic', 'TheFineBros', 'WatchMojo']"
MSA previously My Story Animated,"['OGGY', 'MatthewPatrick13', 'realannoyingorange', 'React', 'LooLooKids']"
ndtv,"['popchartbusters', 'speedrecordss', 'tseriesoldisgold', 'venus', 'Coke Studio']"
The Q,"['colinfurze', '1032010814', 'destinws2', 'Quantum Tech HD', 'Blossom']"
therealdemilovato,"['Camila Cabello', 'Halsey', 'qzMendShawqz', 'Peppa Pig Hindi', 'Meghan Trainor']"
NoCopyrightSounds,"['DjWalkzz', 'Marshmello', 'AllTrapNation', 'majorlazer', 'MrSuicideSheep']"
Dhar Mann,"['BritainsGotTalent09', 'VitalyzdTv', 'RomanAtwoodVlogs', 'MegatoadStonie', 'Niana Guerrero']"
Infinite,"['aynakoitsroi', ""Ryan's World"", 'Come Play With Me', 'CookieSwirlC', 'chadwildclay']"
AllTrapNation,"['MrSuicideSheep', 'SpinninRec', 'DjWalkzz', 'majorlazer', 'THECHAINSMOKERS']"
JimmyKimmelLive,"['comedycentral', 'latenight', 'TheEllenShow', 'TheLateLateShow', 'movieclips']"
WatchMojo,"['DisneyMusicVEVO', 'TheFineBros', 'FilmTheorists', 'queenofficial', 'movieclips']"
barbie,"['BuzzFeedVideo', 'BuzzFeedYellow', 'buzzfeedblue', 'SmartBooksMedia', 'Doja Cat']"
BuzzFeedYellow,"['BuzzFeedVideo', 'barbie', 'watchcut', 'Doctor Mike', 'buzzfeedblue']"
Daniel LaBelle,"['MrBean', 'Daily Dose Of Internet', 'ExplosmEntertainment', 'gottalentglobal', 'HowToBasic']"
checkgate,"['LittleBabyBum', 'SmartBooksMedia', 'ChuChu TV Nursery Rhymes & Kids Songs', 'storybots', 'buzzfeedblue']"
watchcut,"['BuzzFeedVideo', 'buzzfeedblue', 'barcroftmedia', 'Doja Cat', 'vice']"
redbull,"['GoProCamera', 'colinfurze', 'destinws2', 'RomanAtwoodVlogs', 'MrBean']"
Zig & Sharko,"['marquesbrownlee', 'Google', 'Unbox Therapy', 'Mrwhosetheboss', 'Technology Gyan']"
ChrisBrownTV,"['YoungBoy Never Broke Again', 'WorldStarHipHopTV', 'DrakeOfficial', 'TygaTygaTV', 'RapGeniusVideo']"
sadhguru,"['TEDtalksDirector', 'TEDEducation', 'BRIGHT SIDE', 'AsapSCIENCE', 'speedrecordss']"
SmartBooksMedia,"['queenofficial', 'buzzfeedblue', 'BuzzFeedVideo', 'SesameStreet', 'theofficialpeppa']"
JakePaulProductions,"['Lil Pump', ""Ryan's World"", 'oRugrat', 'aynakoitsroi', 'Cardi B']"
MattSDance,"['Marshmello', 'DjWalkzz', 'Americanvogue', 'majorlazer', 'TheLateLateShow']"
MegatoadStonie,"['buzzfeedblue', 'BritainsGotTalent09', 'MrBean', 'collegehumor', 'SesameStreet']"
ranziscool,"['Americanvogue', 'MattSDance', 'MTV', 'TheLateLateShow', 'TheEllenShow']"
Daily Dose Of Internet,"['gottalentglobal', 'Daniel LaBelle', 'onemeeeliondollars', 'ExplosmEntertainment', 'BE AMAZED']"
Wish 107.5,"['ABSCBNOnline', 'CharliesVlogs', 'singkingkaraoke', 'MattSDance', 'DjWalkzz']"
TheRichest,"['TheInfographicsShow', 'BE AMAZED', 'vice', 'Kurzgesagt', 'watchcut']"
JDCav24,"['yogawithadriene', 'Chloe Ting', 'MegatoadStonie', 'buzzfeedblue', 'BRIGHT SIDE']"
AtlanticVideos,"['FueledByRamen', 'VEVO', 'Kurt Hugo Schneider', 'siavideos', 'cleanbandit']"
dangmattsmith,"['HowToBasic', 'RayWilliamJohnson', 'failarmy', 'smosh', 'BritainsGotTalent09']"
harpalgeo,"['Coke Studio', 'speedrecordss', 'popchartbusters', 'tseriesoldisgold', 'venus']"
postmalone,"['taylorgangent', 'GooodLifeFilms', 'PitbullMusic', 'Lil Pump', 'VEVO']"
gottalentglobal,"['onemeeeliondollars', 'Daily Dose Of Internet', 'BritainsGotTalent09', 'barcroftmedia', 'failarmy']"
CrazyRussianHacker,"['onemeeeliondollars', 'destinws2', 'MrBean', 'NationalGeographic', '1032010814']"
CookieSwirlC,"['aynakoitsroi', 'realannoyingorange', 'ChuChu TV Nursery Rhymes & Kids Songs', 'DopeLyrics', 'LooLooKids']"
kwebbelkop,"['VanossGaming', 'H2ODelirious', 'Slogomanify', 'oRugrat', 'TheFineBros']"
EminemMusic,"['GooodLifeFilms', 'RapGeniusVideo', 'postmalone', 'taylorgangent', 'Lil Pump']"
TheInfographicsShow,"['TheRichest', 'Kurzgesagt', 'BE AMAZED', 'TEDEducation', 'vice']"
rebeccazamolo1,"['Troom Troom', 'ChuChu TV Nursery Rhymes & Kids Songs', 'checkgate', 'CookieSwirlC', 'aynakoitsroi']"
barcroftmedia,"['NationalGeographic', 'BBCEarth', 'watchcut', 'gottalentglobal', 'BE AMAZED']"
Toys and Colors,"['videogyan', 'RayWilliamJohnson', 'AsapSCIENCE', 'buzzfeedblue', 'collegehumor']"
Davie504,"['smosh', 'DopeLyrics', 'RayWilliamJohnson', 'TheFineBros', 'Lofi Girl']"
boyceavenue,"['Kurt Hugo Schneider', 'AtlanticVideos', 'siavideos', 'elliegoulding', 'FueledByRamen']"
DisneyMusicVEVO,"['WatchMojo', 'queenofficial', 'movieclips', 'SmartBooksMedia', 'TheFineBros']"
Ryan's World,"['JakePaulProductions', 'ChuChu TV Nursery Rhymes & Kids Songs', 'videogyan', 'realannoyingorange', 'TheFineBros']"
realannoyingorange,"['ChuChu TV Nursery Rhymes & Kids Songs', 'Doja Cat', 'smosh', 'TheFineBros', 'LooLooKids']"
D Billions,"['DopeLyrics', 'monstafluffmusicTV', 'queenofficial', 'checkgate', 'buzzfeedblue']"
OneRepublic,"['FueledByRamen', 'cleanbandit', 'siavideos', 'monstafluffmusicTV', 'DopeLyrics']"
movieclipsTRAILERS,"['WarnerBrosPictures', 'NewOnNetflix', 'movieclips', 'latenight', 'WatchMojo']"
queenofficial,"['SmartBooksMedia', 'SesameStreet', 'buzzfeedblue', 'collegehumor', 'movieclips']"
oRugrat,"['JakePaulProductions', ""Ryan's World"", 'aynakoitsroi', 'KSIOlajidebtHD', 'chadwildclay']"
Camila Cabello,"['Peppa Pig Hindi', 'therealdemilovato', 'Meghan Trainor', 'Halsey', 'qzMendShawqz']"
Survival Builder,"['whoisjimmy', 'theslowmoguys', 'destinws2', 'Quantum Tech HD', '1032010814']"
ChennaiExp2013,"['ZEE5', 'venus', 'tseriesoldisgold', 'popchartbusters', 'speedrecordss']"
The Royalty Family,"['MattyBRaps', 'RayWilliamJohnson', 'MusicTalentNow', 'D Billions', 'DopeLyrics']"
MstrJames,"['Daniel LaBelle', 'colinfurze', 'Daily Dose Of Internet', '1032010814', 'onemeeeliondollars']"
Jason Vlogs,"['whoisjimmy', 'Survival Builder', 'theslowmoguys', 'Blossom', 'soicon295']"
WarnerBrosPictures,"['movieclipsTRAILERS', 'HISHEdotcom', 'NewOnNetflix', 'DisneyMusicVEVO', 'WatchMojo']"
RosannaPansino,"['smosh', 'TheFineBros', 'WatchMojo', 'DisneyMusicVEVO', 'MatthewPatrick13']"
Village Cooking Channel,"['gordonramsay', 'Tasty', 'NationalGeographic', 'BuzzFeedVideo', 'BBC']"
✿ Kids Diana Show,"['DopeLyrics', 'realannoyingorange', 'JakePaulProductions', 'aynakoitsroi', 'D Billions']"
MrBean,"['HowToBasic', 'BBC', 'BritainsGotTalent09', 'ExplosmEntertainment', 'onemeeeliondollars']"
Busy Fun Ltd,"['crackrockcandy', 'JustForLaughsTV', 'gottalentglobal', 'BritainsGotTalent09', 'TheDodoSite']"
BE AMAZED,"['TheRichest', 'onemeeeliondollars', 'TheInfographicsShow', 'BRIGHT SIDE', 'NationalGeographic']"
Meghan Trainor,"['therealdemilovato', 'Camila Cabello', 'Peppa Pig Hindi', 'Halsey', 'qzMendShawqz']"
SSundee,"['TheDiamondMinecart', 'CaptainSparklez', 'PrestonPlayz', 'VanossGaming', 'PrestonPlayz']"
5-Minute Recipes,"['5-Minute Crafts DIY', '5-Minute Crafts', 'Tasty', 'Blossom', '5-Minute Crafts FAMILY']"
epicfortnite,"['TTfue', 'NinjasHyper', 'LazarBeam', 'Free Fire India Official', 'H2ODelirious']"
FueledByRamen,"['AtlanticVideos', 'monstafluffmusicTV', 'cleanbandit', 'siavideos', 'Kurt Hugo Schneider']"
YoungBoy Never Broke Again,"['ChrisBrownTV', 'WorldStarHipHopTV', 'DrakeOfficial', 'TygaTygaTV', 'RapGeniusVideo']"
Geet MP3,"['officialjassrecords', 'speedrecordss', 'ndtv', 'Coke Studio', 'tseriesoldisgold']"
TheElenaYa,"['Coke Studio', 'tseriesoldisgold', 'speedrecordss', 'venus', 'ChennaiExp2013']"
TalkingTomCat,"['Wow Kidz', 'Slogomanify', 'FGTeeV', 'MatthewPatrick13', 'H2ODelirious']"
VyQwaint,"['Zhong', 'chadwildclay', 'watchcut', 'ChuChu TV Nursery Rhymes & Kids Songs', 'TheInfographicsShow']"
MattyBRaps,"['JakePaulProductions', 'Lil Pump', 'postmalone', 'GooodLifeFilms', 'PitbullMusic']"
vice,"['TheRichest', 'Vox', 'TEDtalksDirector', 'TheInfographicsShow', 'watchcut']"
Ryan Trahan,"['BRIGHT SIDE', 'buzzfeedblue', 'BE AMAZED', 'failarmy', 'TheRichest']"
MatthewPatrick13,"['TheDiamondMinecart', 'RosannaPansino', 'smosh', 'WatchMojo', 'realannoyingorange']"
Brawl Stars,"['Mythpat', 'LazarBeam', 'OfficialClashOfClans', 'OGGY', 'SSundee']"
SesameStreet,"['movieclips', 'collegehumor', 'comedycentral', 'disneyjunior', 'storybots']"
SriBalajiMovies,"['speedrecordss', 'ndtv', 'tseriesoldisgold', 'venus', 'popchartbusters']"
TheEllenShow,"['latenight', 'TheLateLateShow', 'JimmyKimmelLive', 'comedycentral', 'SesameStreet']"
colinfurze,"['destinws2', '1032010814', 'onemeeeliondollars', 'CrazyRussianHacker', 'theslowmoguys']"
SSSniperWolf,"['TalkingFriends', 'MatthewPatrick13', 'WatchMojo', 'IGNentertainment', 'FilmTheorists']"
SpinninRec,"['MartinGarrix', 'AllTrapNation', 'MrSuicideSheep', 'THECHAINSMOKERS', 'DjWalkzz']"
WiederDude,"['UnspeakableGaming', 'CaptainSparklez', 'PrestonPlayz', 'TheDiamondMinecart', 'PrestonPlayz']"
NationalGeographic,"['BBCEarth', 'onemeeeliondollars', 'destinws2', 'barcroftmedia', 'CrazyRussianHacker']"
BabyBus - Kids Songs and Cartoons,"['storybots', 'LittleBabyBum', 'checkgate', 'Blippi - Educational Videos for Kids', 'Kids TV - Nursery Rhymes And Baby Songs']"
Ninja Kidz TV,"['React', 'Nickelodeon', 'WatchMojo', 'MatthewPatrick13', 'TheFineBros']"
FIFATV,"['taylorgangent', 'PitbullMusic', 'postmalone', 'TheLateLateShow', 'JimmyKimmelLive']"
BuzzFeedVideo,"['buzzfeedblue', 'watchcut', 'BuzzFeedYellow', 'Doctor Mike', 'collegehumor']"
Kurt Hugo Schneider,"['boyceavenue', 'AtlanticVideos', 'siavideos', 'FueledByRamen', 'BritainsGotTalent09']"
theRadBrad,"['IGNentertainment', 'PlayStation', 'H2ODelirious', 'Slogomanify', 'VanossGaming']"
JustForLaughsTV,"['crackrockcandy', 'HowToBasic', 'MrBean', 'BritainsGotTalent09', 'CrazyRussianHacker']"
THECHAINSMOKERS,"['DjWalkzz', 'SpinninRec', 'AllTrapNation', 'majorlazer', 'Marshmello']"
penguinz0,"['smosh', 'realannoyingorange', 'TheFineBros', ""Ryan's World"", 'oRugrat']"
Zach King,"['theslowmoguys', 'whoisjimmy', 'gottalentglobal', 'Daily Dose Of Internet', 'onemeeeliondollars']"
Johny FamilyShow,"['Ya - Alisa', 'JustForLaughsTV', 'crackrockcandy', 'HowToBasic', 'Niana Guerrero']"
taylorswift,"['JenniferLopez', 'therealdemilovato', 'qzMendShawqz', 'beyonce', 'Americanvogue']"
GoProCamera,"['redbull', 'theslowmoguys', 'colinfurze', 'RomanAtwoodVlogs', 'CrazyRussianHacker']"
JenniferLopez,"['Americanvogue', 'beyonce', 'MTV', 'qzMendShawqz', 'therealdemilovato']"
videogyan,"['ChuChu TV Nursery Rhymes & Kids Songs', ""Ryan's World"", 'TheRichest', 'realannoyingorange', 'LittleBabyBum']"
TomorrowlandChannel,"['SpinninRec', 'MartinGarrix', 'THECHAINSMOKERS', 'AllTrapNation', 'MrSuicideSheep']"
Unbox Therapy,"['marquesbrownlee', 'Mrwhosetheboss', 'Google', 'Apple', 'Ryan Trahan']"
Kurzgesagt,"['TEDEducation', 'TEDtalksDirector', 'TheInfographicsShow', 'crashcourse', '1veritasium']"
CaptainSparklez,"['TheDiamondMinecart', 'SSundee', 'UnspeakableGaming', 'PrestonPlayz', 'PrestonPlayz']"
TEDEducation,"['crashcourse', 'Kurzgesagt', 'TEDtalksDirector', 'AsapSCIENCE', 'BRIGHT SIDE']"
ABSCBNOnline,"['Wish 107.5', 'CharliesVlogs', 'singkingkaraoke', 'MattSDance', 'React']"
elliegoulding,"['siavideos', 'kidrauhl', 'AtlanticVideos', 'FueledByRamen', 'SAM SMITH']"
GooodLifeFilms,"['RapGeniusVideo', 'TygaTygaTV', 'WorldStarHipHopTV', 'postmalone', 'taylorgangent']"
Masha and The Bear,"['TEDEducation', '1veritasium', 'Kurzgesagt', 'TheInfographicsShow', 'crashcourse']"
beyonce,"['Americanvogue', 'qzMendShawqz', 'kidrauhl', 'Cardi B', 'MTV']"
CNN,"['The Daily Show with Trevor Noah', 'ABCNews', 'Vox', 'bbcnews', 'cbstvdinsideedition']"
PitbullMusic,"['postmalone', 'latenight', 'Cardi B', 'Lil Pump', 'AtlanticVideos']"
DopeLyrics,"['monstafluffmusicTV', 'Lofi Girl', 'FueledByRamen', 'checkgate', 'D Billions']"
Eva Bravo Play,"['TommyInnit', 'Emily Tube', 'NoCopyrightSounds', 'cleanbandit', 'OneRepublic']"
UFC,"['PowerfulJRE', 'FirstWeFeast', 'taylorgangent', 'postmalone', 'JimmyKimmelLive']"
cleanbandit,"['CharliesVlogs', 'majorlazer', 'FueledByRamen', 'AtlanticVideos', 'monstafluffmusicTV']"
Vlad and Niki,"['Like Nastya', 'RomanAtwoodVlogs', 'chadwildclay', 'aynakoitsroi', 'Come Play With Me']"
SAM SMITH,"['elliegoulding', 'boyceavenue', 'AtlanticVideos', 'siavideos', 'Kurt Hugo Schneider']"
familyfunpack,"['LittleBabyBum', 'storybots', 'ChuChu TV Nursery Rhymes & Kids Songs', 'gottalentglobal', 'RayWilliamJohnson']"
LazarBeam,"['NinjasHyper', 'TTfue', 'epicfortnite', 'H2ODelirious', 'oRugrat']"
1MILLION Dance Studio,"['MattSDance', 'Americanvogue', 'CharliesVlogs', 'Zach Choi ASMR', 'qzMendShawqz']"
Unspeakable,"['Daily Dose Of Internet', 'onemeeeliondollars', '5-Minute Crafts', 'gottalentglobal', 'Blossom']"
singkingkaraoke,"['monstafluffmusicTV', 'Marshmello', 'CharliesVlogs', 'DopeLyrics', 'DjWalkzz']"
The Daily Show with Trevor Noah,"['CNN', 'ABCNews', 'Vox', 'cbstvdinsideedition', 'bbcnews']"
chadwildclay,"['aynakoitsroi', ""Ryan's World"", 'JakePaulProductions', 'TheFineBros', 'oRugrat']"
BBCEarth,"['NationalGeographic', 'barcroftmedia', 'onemeeeliondollars', 'TheDodoSite', 'destinws2']"
CharliesVlogs,"['cleanbandit', 'OfficiallyAnneMarie', 'singkingkaraoke', 'VEVO', 'Marshmello']"
Mythpat,"['speedrecordss', 'ndtv', 'SriBalajiMovies', 'popchartbusters', 'venus']"
★ Kids Roma Show,"['5-Minute Crafts LIKE', 'Blossom', '5-Minute Crafts', 'whoisjimmy', 'TheDodoSite']"
MTV,"['TheLateLateShow', 'Americanvogue', 'Cardi B', 'latenight', 'TheEllenShow']"
Cardi B,"['Lil Pump', 'PitbullMusic', 'TheLateLateShow', 'Doja Cat', 'MTV']"
RapGeniusVideo,"['GooodLifeFilms', 'DrakeOfficial', 'TygaTygaTV', 'WorldStarHipHopTV', 'xoxxxoooxo']"
Zhong,"['VyQwaint', '✿ Kids Diana Show', 'watchcut', 'BuzzFeedYellow', 'Zach Choi ASMR']"
Nat and Essie,"['realannoyingorange', 'aynakoitsroi', 'LooLooKids', 'FGTeeV', 'Come Play With Me']"
popchartbusters,"['tseriesoldisgold', 'venus', 'ndtv', 'speedrecordss', 'ChennaiExp2013']"
PowerfulJRE,"['vice', 'ABCNews', 'Vox', 'cbstvdinsideedition', 'JimmyKimmelLive']"
5-Minute Crafts LIKE,"['5-Minute Crafts', 'Blossom', '5-Minute Crafts Recycle', 'Troom Troom', '5-Minute Crafts DIY']"
Doja Cat,"['SmartBooksMedia', 'watchcut', 'LooLooKids', 'BuzzFeedVideo', 'buzzfeedblue']"
Avocado Couple I Crazy Comics,"['toypudding', 'MY FAMILY', 'Like Nastya Show', 'Nat and Essie', 'Troom Troom']"
